SOLD DATE,ADDRESS,CITY,STATE OR PROVINCE,ZIP OR POSTAL CODE,PRICE,BEDS,BATHS,SQUARE FEET,LOT SIZE,YEAR BUILT,AGE,DAYS ON MARKET,LATITUDE,LONGITUDE
10/16/2020,5115 Old Colony Rd,Portage,MI,49024,210000,3,1.5,2279,11326,1962,59,144,42.243332,-85.5995922
10/29/2020,6032 Devon St,Portage,MI,49024,160000,4,1.5,2400,8610,1961,60,131,42.2291738,-85.6049957
10/6/2020,7026 Balfour Dr,Portage,MI,49024,145000,3,1,1088,13678,1960,61,154,42.2146758,-85.620259
11/23/2020,727 Southland Ave,Portage,MI,49024,155000,3,1.5,1472,9322,1959,62,106,42.2272106,-85.5979249
1/14/2021,2421 Holly Ave,Portage,MI,49024,175000,3,1,1560,13068,1958,63,54,42.1616304,-85.6182911
12/10/2020,4536 Chasemoor Dr,Portage,MI,49024,295060,4,3.5,2908,19600,1998,23,89,42.2429137,-85.6446311
12/4/2020,10402 Pennridge Dr,Portage,MI,49024,264050,4,2.5,1822,7547,2020,1,95,42.165764,-85.611514
1/19/2021,308 W Van Hoesen Blvd,Portage,MI,49024,129000,3,2,1176,6229,1998,23,49,42.2321164,-85.5922756
11/17/2020,6043 Peachtree St,Portage,MI,49024,158000,3,1.5,1656,7797,1957,64,112,42.2287662,-85.5983668
2/8/2021,2928 Romence Rd,Portage,MI,49024,197300,5,1.5,1624,11761,1959,62,29,42.215886,-85.6247568
11/23/2020,423 Parkland Terrace Ter,Portage,MI,49024,315000,4,2.5,2054,13000,1994,27,106,42.186706,-85.5932618
10/26/2020,10879 Poplar Bluff Ct,Portage,MI,49024,382500,5,3.5,3700,11587,2004,17,134,42.1589923,-85.6148663
12/1/2020,8109 Edmonds St,Portage,MI,49024,130000,3,1,1140,16988,1965,56,98,42.1991023,-85.5958959
12/29/2020,2284 Ashford Trl,Portage,MI,49024,285000,3,2.5,1496,10454,2015,6,70,42.1757962,-85.6160798
1/12/2021,4545 Caribou Ave,Portage,MI,49002,348500,4,3.5,2976,10019,2003,18,56,42.2046135,-85.5352713
10/21/2020,6813 Bratcher St,Portage,MI,49024,157000,3,2,1260,10454,1960,61,139,42.2180023,-85.5995721
12/31/2020,4317 Farnham Ave,Portage,MI,49002,170000,3,2,1340,8320,1963,58,68,42.2313442,-85.5373712
2/16/2021,227 Cliffwood Ave,Portage,MI,49002,240000,4,2.5,2732,14375,1970,51,21,42.1679248,-85.5872123
12/7/2020,205 Velvet Ave,Portage,MI,49002,192000,3,2,1750,18000,1957,64,92,42.1803814,-85.5879241
9/28/2020,3913 Florinda Ave,Portage,MI,49002,157000,3,1,1176,9583,1971,50,162,42.1908878,-85.5424763
1/15/2021,6236 Marlow St,Portage,MI,49024,2.00E+05,4,2,1651,9583,1961,60,53,42.226061,-85.6060803
11/10/2020,1750 Greenbriar Dr,Portage,MI,49024,240000,5,3,4200,17511,1966,55,119,42.2388486,-85.6119823
11/23/2020,6959 Anthony St,Kalamazoo,MI,49009,290000,3,2,2315,20038,1991,30,106,42.2164129,-85.6487656
10/16/2020,7648 Autumn St,Portage,MI,49002,158000,3,1.5,1092,13504,1962,59,144,42.2054678,-85.5379462
1/8/2021,7810 Elk St,Portage,MI,49002,333000,4,2.5,2794,11761,2004,17,60,42.203894,-85.5340847
9/11/2020,10800 Chancellor,Portage,MI,49002,235050,3,2.5,2060,13600,2020,1,179,42.1618269,-85.5413579
11/6/2020,2406 Sugarloaf Ave,Portage,MI,49024,160000,3,1,1164,11892,1956,65,123,42.1611437,-85.6176485
12/1/2020,10459 Pennridge Dr,Portage,MI,49024,251375,4,2.5,1822,7927,2020,1,98,42.165535,-85.610392
10/21/2020,2733 Avalon Woods Dr,Portage,MI,49024,345000,3,3,1712,13068,2005,16,139,42.1599197,-85.6212373
12/1/2020,2472 Stanley Ave,Portage,MI,49002,215000,3,3,2752,15159,1977,44,98,42.1752723,-85.5603456
12/2/2020,9105 Austin Dr,Portage,MI,49002,705000,5,3.5,2605,5663,1974,47,97,42.1848132,-85.5621548
12/4/2020,2610 Bay Side Ave,Portage,MI,49002,330000,4,2.5,2159,24394,2003,18,95,42.1735461,-85.5565259
9/18/2020,5107 S Long Lake Dr,Kalamazoo,MI,49001,223000,2,2,1200,5040,1922,99,172,42.183286,-85.528737
10/16/2020,10139 Woodlawn Dr,Portage,MI,49002,280000,2,1,784,12240,1965,56,144,42.1697841,-85.5638031
11/13/2020,10426 Pennridge Dr,Portage,MI,49024,249900,4,2.5,1830,7916,2020,1,116,42.165325,-85.611306
9/14/2020,10438 Pennridge Dr,Portage,MI,49024,238065,4,2.5,1822,6750,2020,1,176,42.165996,-85.610856
10/19/2020,10038 Roger St,Portage,MI,49002,184200,3,1,1654,20038,1955,66,141,42.1709422,-85.5763652
11/6/2020,2712 Bach Ave,Portage,MI,49024,185000,3,1.5,2578,12415,1967,54,123,42.1698743,-85.6213835
10/16/2020,803 Lakeview Dr,Portage,MI,49002,399900,2,1,1001,13896,1930,91,144,42.1819542,-85.5805536
12/7/2020,10381 Pennridge Dr,Portage,MI,49024,271325,4,2.5,2022,8552,2020,1,92,42.166025,-85.611082
2/9/2021,7817 Walcott St,Portage,MI,49024,205000,3,1.5,1985,13000,1964,57,28,42.2034205,-85.6147165
10/23/2020,7645 Wendy Ln,Portage,MI,49024,240000,4,2,2757,15000,1965,56,137,42.2055377,-85.6106999
2/18/2021,3219 Fleetwood Dr,Portage,MI,49024,250000,3,2,1473,24829,1952,69,19,42.2416014,-85.6283639
1/21/2021,5545 Roanoke St,Portage,MI,49024,160000,3,1,1550,8712,1961,60,47,42.2360844,-85.6106999
9/10/2020,7536 Dunross Dr,Portage,MI,49024,369900,5,3.5,3189,2389,1993,28,180,42.2078917,-85.6244958
1/5/2021,3732 Fleetwood Dr,Portage,MI,49024,360000,4,3.5,4002,16988,1988,33,63,42.2420285,-85.6339722
2/19/2021,10839 Poplar Bluff Ct,Portage,MI,49024,344850,4,3.5,3630,11326,2004,17,18,42.1594307,-85.6148854
11/24/2020,4785 Salzburg Cir,Portage,MI,49024,270000,5,3.5,3003,9148,2005,16,105,42.2086056,-85.6468389
12/8/2020,3007 Coachlite Ave,Portage,MI,49024,319900,4,2.5,3628,15246,1981,40,91,42.2231728,-85.6251584
12/3/2020,4770 Briarhill Dr,Portage,MI,49024,215000,4,3,2159,19428,1989,32,96,42.2351437,-85.6471399
11/25/2020,7359 Salerno Cir,Portage,MI,49024,270000,5,3.5,3144,10018,2004,17,104,42.2104364,-85.6453938
9/11/2020,4422 Westfield Ave,Portage,MI,49024,139500,3,1.5,1160,12110,1961,60,179,42.2317076,-85.6430012
9/18/2020,7621 Dunross Dr,Portage,MI,49024,423000,4,2.5,2732,15377,1922,99,172,42.2066604,-85.6239938
12/28/2020,6670 Edgefield St,Portage,MI,49024,240000,4,3,2281,28440,2001,20,71,42.2205599,-85.6394123
12/11/2020,4794 Geneva Ave,Portage,MI,49024,225000,3,2.5,2277,11326,2006,15,88,42.2117441,-85.6468991
11/23/2020,7107 Starbrook St,Portage,MI,49024,224000,4,1.5,2087,16988,1968,53,106,42.2140016,-85.6116639
12/22/2020,7632 Woodcrest St,Portage,MI,49024,230000,3,2,2290,13199,1964,57,77,42.2060137,-85.6075466
2/5/2021,4515 Farnham Ave,Portage,MI,49002,172500,3,1.5,1502,9583,1964,57,32,42.231325,-85.5350903
2/11/2021,311 E Milham Ave,Portage,MI,49002,143000,2,1,966,12675,1928,93,26,42.2303532,-85.5865936
2/16/2021,310 Connecticut Dr,Portage,MI,49024,125020,3,1,1296,9888,1954,67,21,42.2362277,-85.5923399
1/5/2021,3107 Tattersall Rd,Portage,MI,49024,185000,4,2.5,1966,14375,1971,50,63,42.2222984,-85.6264434
11/2/2020,5589 Old Mission St,Portage,MI,49024,270000,3,2.5,3474,16291,1993,28,127,42.2361915,-85.6240942
10/27/2020,6841 Amberly St,Portage,MI,49024,201000,3,2,2344,10560,1960,61,133,42.217359,-85.6239621
10/30/2020,6833 Welbury St,Portage,MI,49024,210000,3,1.5,1845,10454,1960,61,130,42.2175794,-85.6227489
11/20/2020,2212 Ridgefield Rd,Portage,MI,49024,169900,3,1,1592,14810,1960,61,109,42.2199677,-85.6157608
10/1/2020,730 Drury Ln,Portage,MI,49002,240000,3,2.5,2242,24524,1949,72,159,42.2025196,-85.5807826
10/12/2020,6420 Sussex St,Portage,MI,49024,182250,3,1.5,1498,8276,1962,59,148,42.2239006,-85.6049153
3/5/2021,7645 Julie Dr,Portage,MI,49024,228000,3,2,1773,14810,1963,58,4,42.2055209,-85.6092538
3/8/2021,2116 Kalarama Ave,Portage,MI,49024,216900,5,2.5,2117,22651,1958,63,1,42.2262247,-85.6143952
2/22/2021,5850 Belard St,Portage,MI,49002,183000,3,1.5,1544,10193,1967,54,15,42.2317812,-85.533964
11/16/2020,4694 Nash Ave,Portage,MI,49002,336500,4,2.5,2902,696960,1995,26,113,42.1718766,-85.535014
10/8/2020,9734 Claires Ct,Portage,MI,49002,360000,4,3.5,3744,29403,1999,22,152,42.1763755,-85.5839814
11/6/2020,8706 Conestoga St,Portage,MI,49024,290000,3,2.5,2376,28750,1992,29,123,42.1906555,-85.6413795
12/18/2020,617 Barberry Ave,Portage,MI,49002,220000,3,3,2635,26400,1970,51,81,42.19411,-85.5821528
10/1/2020,3806 Florinda Ave,Portage,MI,49002,158000,3,1,1684,9540,1970,51,159,42.1903941,-85.5439218
10/5/2020,2673 Brahms Ave,Portage,MI,49024,190000,4,2,1675,11456,1973,48,155,42.1685035,-85.6207811
10/2/2020,3510 Woodhams Ave,Portage,MI,49002,475000,4,3.5,3100,186872,1996,25,158,42.1652782,-85.5473285
12/29/2020,10313 Lloy St,Portage,MI,49024,216000,3,2,2880,18295,1972,49,70,42.1673085,-85.5955543
11/16/2020,850 Ludington Ave,Portage,MI,49002,385000,5,3.5,5068,15246,2006,15,113,42.1676002,-85.580083
1/6/2021,258 Palomino Ave,Portage,MI,49002,350000,5,3.5,3100,12415,2005,16,62,42.1728873,-85.5873973
10/30/2020,10925 Country Grove Cir,Portage,MI,49024,315000,4,3,3500,10454,2005,16,130,42.158602,-85.6161424
12/21/2020,111 Cliffwood Ave,Portage,MI,49002,265000,4,2.5,2967,12981,2007,14,78,42.168094,-85.5889243
10/14/2020,1430 Lancelot Ct,Portage,MI,49002,367000,4,3,2930,13504,2002,19,146,42.1685541,-85.5728481
12/1/2020,930 Lakeview Dr,Portage,MI,49002,255000,3,2,1796,17032,1933,88,98,42.181071,-85.5781256
12/29/2020,2405 Mapleview Ave,Portage,MI,49024,127500,3,1,1546,11892,1957,64,70,42.1625673,-85.6176083
12/8/2020,607 Crocket Ave,Portage,MI,49024,185000,3,1.5,1568,11761,1968,53,91,42.1885192,-85.595701
3/5/2021,1717 Lansing Ave,Portage,MI,49002,112000,2,1,945,12738,1947,74,4,42.2202055,-85.5691973
12/10/2020,7523 Kingston Dr,Portage,MI,49081,101000,1,1,1040,18731,1960,61,89,42.2075417,-85.5836599
11/6/2020,3126 W Milham Ave,Portage,MI,49024,244444,4,2,2290,10019,2005,16,123,42.2305728,-85.627218
1/27/2021,5803 Georgia Ave,Portage,MI,49024,123000,2,1,720,6011,1965,56,41,42.2330031,-85.5914961
12/9/2020,5816 Vermont Ave,Portage,MI,49024,160000,2,1,810,30056,1967,54,90,42.2324676,-85.5910741
10/15/2020,726 W Van Hoesen Blvd,Portage,MI,49024,110000,2,1,857,15638,1935,86,145,42.2320274,-85.5978257
10/22/2020,5832 Copper Leaf Trl,Portage,MI,49024,290000,4,2.5,2032,8548,2018,3,138,42.2333994,-85.6341152
12/30/2020,1720 Bellaire Ave,Portage,MI,49024,209000,3,1.5,1956,9148,1966,55,69,42.2267008,-85.6097358
10/29/2020,5843 Tradewind Dr,Portage,MI,49024,280000,4,3.5,2380,12066,1998,23,131,42.2331704,-85.6215241
9/30/2020,5637 Cheshire St,Portage,MI,49002,160000,3,1,960,7797,1961,60,160,42.2346645,-85.5369004
3/5/2021,1814 Byrd Dr,Portage,MI,49002,121450,2,1,720,6534,1950,71,4,42.2403973,-85.5680143
2/10/2021,4428 Bronson Blvd,Kalamazoo,MI,49008,277000,4,2.5,1822,12837,2019,2,27,42.245857,-85.602126
11/20/2020,1424 Winters Dr,Portage,MI,49024,150000,3,1,1585,19515,1940,81,109,42.2376997,-85.572607
1/15/2021,2220 Eckener Dr,Portage,MI,49002,87000,2,1,646,6534,1954,67,53,42.2393753,-85.5629467
11/5/2020,4428 Glenrose Ter,Kalamazoo,MI,49008,245000,4,2.5,2158,10380,1968,53,124,42.2455362,-85.6079056
11/24/2020,5211 Ridgebrook Dr,Portage,MI,49002,255000,4,2.5,2372,13939,1960,61,105,42.2418662,-85.5839412
10/22/2020,7210 Bridlewood Cir,Portage,MI,49024,230500,3,2.5,1972,14810,1989,32,138,42.2126466,-85.6159817
9/28/2020,5742 Nevada Ave,Portage,MI,49024,99900,2,1,1316,12197,1950,71,162,42.2332357,-85.5975633
3/3/2021,506 Connecticut Dr,Portage,MI,49024,171321,4,1.5,1838,11631,1959,62,6,42.2362402,-85.5946704
12/11/2020,6137 Marlow St,Portage,MI,49024,220000,4,2.5,2004,8407,1967,54,88,42.2276536,-85.6054778
12/23/2020,10974 Country Grove Cir,Portage,MI,49024,345000,4,3,3435,11326,2007,14,76,42.1580133,-85.6168653
1/26/2021,10394 Pennridge Dr,Portage,MI,49024,206710,3,2,1458,380,2020,1,42,42.1672661,-85.6062446
11/24/2020,505 Crocket Ave,Portage,MI,49024,150000,3,1.5,1164,11631,1958,63,105,42.1885303,-85.594476
12/2/2020,526 Gingham Ave,Portage,MI,49002,180000,4,2,1400,12197,1961,60,97,42.1809741,-85.5834188
9/23/2020,10102 Harris Dr,Portage,MI,49002,175000,3,2,1276,10454,1965,56,167,42.1705679,-85.5370262
10/19/2020,1776 E T Ave,Portage,MI,49002,126000,1,1,575,16553,1950,71,141,42.1570418,-85.566847
1/15/2021,919 Karendale Ave,Portage,MI,49002,160000,2,1,912,30710,1955,66,53,42.1700446,-85.5785557
9/25/2020,464 Ludington Ave,Portage,MI,49002,270000,4,2.5,2202,12066,2007,14,165,42.1676685,-85.5848655
10/20/2020,5019 Bronson Blvd,Portage,MI,49024,265000,3,1.5,2100,14810,1966,55,140,42.244541,-85.6010386
10/30/2020,5327 Wisteria St,Portage,MI,49002,164900,3,2,1312,10149,1959,62,130,42.2397316,-85.5874375
11/13/2020,523 N Circlewood Dr,Portage,MI,49002,265500,4,2.5,3521,16553,1975,46,116,42.2394333,-85.5838707
9/17/2020,1815 W Kilgore Rd,Portage,MI,49024,245000,3,2.5,2130,16509,1950,71,173,42.2448959,-85.6098162
11/5/2020,1754 Greenbriar Dr,Portage,MI,49024,259800,3,2.5,3270,18469,1961,60,124,42.2387872,-85.6116163
11/30/2020,5747 Belard St,Portage,MI,49002,171500,4,1.5,2176,7680,1967,54,99,42.2333841,-85.5336422
12/4/2020,1014 E Kilgore Rd,Portage,MI,49002,190000,3,1.5,1848,18731,1959,62,95,42.2447943,-85.5681047
1/14/2021,5811 Cranston St,Portage,MI,49002,146500,3,1.5,1400,9583,1967,54,54,42.2328572,-85.5349294
11/6/2020,3673 Swan Creek Dr,Portage,MI,49024,4.00E+05,4,3.5,4051,15290,1988,33,123,42.2425594,-85.6332696
10/7/2020,6373 Talisker Ct,Portage,MI,49024,595000,5,4.5,4089,33236,2015,6,153,42.2249631,-85.6378466
12/10/2020,6163 Andover Woods Rd,Portage,MI,49024,224900,3,2.5,1484,9975,2002,19,89,42.2279537,-85.6436677
1/8/2021,3530 Summersong Path,Portage,MI,49024,394185,5,3.5,3606,380,2020,1,60,42.2362899,-85.6311525
9/15/2020,4759 Mistwood Ave,Portage,MI,49024,305000,4,3.5,3106,10890,2003,18,175,42.2399915,-85.6466783
9/30/2020,5111 Chasemoor Ct,Portage,MI,49024,260000,4,3.5,2520,12632,1989,32,160,42.2430176,-85.6463572
11/16/2020,3742 Byram Cir,Portage,MI,49024,299000,4,2.5,2393,8712,2017,4,113,42.2323329,-85.6343669
10/21/2020,4430 Romence Rd,Portage,MI,49024,230000,4,2,1746,14985,1965,56,139,42.2159676,-85.6431057
1/22/2021,6541 Bunchberry Dr,Portage,MI,49024,880000,3,2.5,3163,25700,2020,1,46,42.2206355,-85.6313123
2/24/2021,1375 Kelvere Ave,Portage,MI,49024,225551,3,1.5,1416,12632,1983,38,13,42.2129788,-85.6050359
10/28/2020,8019 Lake Wood Dr,Portage,MI,49002,165000,3,1,1101,10411,1948,73,132,42.2003466,-85.5816906
1/28/2021,2603 Brahms Ave,Portage,MI,49024,192500,3,1.5,1376,11326,1973,48,40,42.1685253,-85.6198373
9/25/2020,5548 Roanoke St,Portage,MI,49024,115000,3,1,1300,8364,1966,55,165,42.236029,-85.6112622
1/15/2021,10210 Terry Ln,Portage,MI,49002,170000,3,2,1700,51836,1955,66,53,42.1686418,-85.5826351
1/8/2021,2239 Mansfield Ave,Portage,MI,49024,249900,4,2.5,2170,10454,1988,33,60,42.2121157,-85.6154912
11/18/2020,6129 Avon St,Portage,MI,49024,208000,4,2,1700,8276,1961,60,111,42.2278768,-85.6032682
2/5/2021,7417 Angling Rd,Portage,MI,49024,165000,3,2,1838,17990,1960,61,32,42.2092041,-85.6402955
2/10/2021,303 W Van Hoesen Blvd,Portage,MI,49024,112000,2,1,716,6250,1948,73,27,42.2317169,-85.5920586
1/5/2021,132 Parkland Ter,Portage,MI,49024,130000,3,2.5,2032,20473,1978,43,63,42.1873391,-85.5897682
10/30/2020,2019 Lakeview Dr,Portage,MI,49002,455000,3,2,1883,6600,1965,56,130,42.1819299,-85.5652504
10/28/2020,1314 Forest Dr,Portage,MI,49002,325000,3,2,1718,7362,2004,17,132,42.1920902,-85.5741746
9/25/2020,7633 Ravenswood Dr,Portage,MI,49024,245000,4,1.5,2293,10237,1971,50,165,42.2059756,-85.6020229
9/30/2020,7654 Innisbrook Dr,Portage,MI,49024,307500,4,2.5,2704,12196,1990,31,160,42.2063237,-85.6282906
10/23/2020,5138 Windyridge Dr,Portage,MI,49002,225000,4,2.5,2312,14854,1960,61,137,42.24248,-85.583901
10/26/2020,8147 Newells Ln,Portage,MI,49002,173500,3,1,1066,21344,1963,58,134,42.1980825,-85.569117
10/16/2020,1603 Jonathon Dr,Portage,MI,49002,165000,2,3,1738,9278,1957,64,144,42.1940657,-85.5707627
11/25/2020,6831 Edgefield St,Portage,MI,49024,219500,5,3.5,2160,13678,2003,18,104,42.2182255,-85.6387298
1/19/2021,1909 Eckener Dr,Portage,MI,49002,108000,2,1,876,6600,1954,67,49,42.2399546,-85.567012
11/13/2020,6015 Devon St,Portage,MI,49024,196000,3,2,1801,8712,1962,59,116,42.2295354,-85.6043931
11/13/2020,1709 Whitby Ave,Portage,MI,49024,245000,4,2.5,1886,10803,1972,49,116,42.2245743,-85.6094546
11/3/2020,5807 Monticello Ave,Portage,MI,49024,119900,3,1.5,1540,13000,1955,66,126,42.2328741,-85.6041922
9/16/2020,2525 Radcliffe Ave,Portage,MI,49024,245500,3,2,2806,12197,1965,56,174,42.2162673,-85.6196164
9/25/2020,6613 Cypress St,Portage,MI,49024,225000,4,2.5,2480,12240,1966,55,165,42.2211395,-85.620259
1/7/2021,5919 Dakota Ave,Portage,MI,49024,120000,3,1,990,12632,1950,71,61,42.2310309,-85.5957352
2/23/2021,5806 Nevada Ave,Portage,MI,49024,95000,2,1,612,6229,1948,73,14,42.2328338,-85.5976195
9/14/2020,6746 Fescue St,Portage,MI,49002,151856,3,1.5,1470,8712,1962,59,176,42.2185218,-85.6111417
12/14/2020,308 Dawnlee Ave,Portage,MI,49002,165000,3,1.5,1550,19602,1952,69,85,42.2341657,-85.5867141
1/14/2021,5536 Mt Vernon Ave,Portage,MI,49024,186000,4,2,1840,44910,1999,22,54,42.2362447,-85.6078479
12/16/2020,504 Southland Ave,Portage,MI,49024,165000,3,1.5,1570,9240,1958,63,83,42.2279613,-85.5944293
10/22/2020,6648 Trotwood St,Portage,MI,49024,275000,5,2.5,2750,14742,1962,59,138,42.2199919,-85.6184116
11/6/2020,9630 Woodlawn Dr,Portage,MI,49002,170000,2,1,900,43124,1940,81,123,42.1769463,-85.5575813
11/24/2020,10041 Roger St,Portage,MI,49002,150000,3,1.5,1674,36155,1959,62,105,42.1706279,-85.575702
2/19/2021,9864 Mariner St,Portage,MI,49002,310000,4,3.5,2760,10019,2001,20,18,42.1740505,-85.5636021
2/22/2021,10447 Pennridge Dr,Portage,MI,49024,253295,3,2,1526,410,2020,1,15,42.1672661,-85.6062446
11/25/2020,10827 Cora Dr,Portage,MI,49002,340000,3,1.5,1852,15132,1915,106,104,42.1595698,-85.5813189
1/8/2021,9890 Hilberry Dr,Portage,MI,49002,339900,4,2.5,2890,13983,2003,18,60,42.1734069,-85.5783749
9/14/2020,7609 Autumn St,Portage,MI,49002,167900,3,1,1288,13504,1972,49,176,42.2067127,-85.5373026
9/30/2020,9238 Austin Dr,Portage,MI,49002,340000,3,2,1272,21824,2002,19,160,42.1821539,-85.5630058
3/5/2021,7726 Wendy Ln,Portage,MI,49024,2.00E+05,3,1.5,1300,19166,1961,60,4,42.2046786,-85.6113827
9/29/2020,8934 Waruf Ave,Portage,MI,49002,164900,3,1,1120,10019,1994,27,161,42.1868961,-85.5393942
3/1/2021,9792 Mariner St,Portage,MI,49002,348750,4,2.5,2519,13068,2002,19,8,42.1749361,-85.5636021
9/28/2020,8111 Howard St,Portage,MI,49024,144953,4,1,925,22259,1948,73,162,42.199305,-85.5947015
9/11/2020,7470 Oakland Dr,Portage,MI,49024,475000,5,4,4384,102366,1986,35,179,42.2087335,-85.6183112
3/5/2021,8746 Waruf Ave,Portage,MI,49002,217777,3,1,1840,16552,1980,41,4,42.1895063,-85.5372222
9/30/2020,4530 Long Lake Dr,Portage,MI,49002,210000,3,2,1678,54014,2004,17,160,42.1835937,-85.5353595
12/18/2020,1919 Lauralwood Ave,Portage,MI,49002,185000,3,1.5,1851,14375,1962,59,81,42.1955958,-85.5666948
12/31/2020,7721 Primrose Ln,Portage,MI,49024,240000,4,2,2196,12632,1962,59,68,42.2048607,-85.6080889
11/16/2020,1363 Ashton Woods Ct,Portage,MI,49024,405000,5,3.5,3160,10800,1997,24,113,42.2028921,-85.6044132
10/23/2020,7398 Oak Shore Dr,Portage,MI,49024,630000,4,3.5,5326,24959,1989,32,137,42.2097814,-85.6362406
12/7/2020,2221 Tattersall Rd,Portage,MI,49024,225000,3,2,2518,14810,1963,58,92,42.2225468,-85.615801
10/16/2020,6384 Evergreen St,Portage,MI,49024,234000,4,3.5,3749,13024,1983,38,144,42.2244666,-85.6197369
12/11/2020,514 Melody Ave,Portage,MI,49024,179900,3,1.5,1761,11631,1967,54,88,42.1934998,-85.5948311
10/22/2020,6522 Marlow St,Portage,MI,49024,185000,3,1.5,1597,8276,1963,58,138,42.2221508,-85.6074461
3/5/2021,1112 Woodview Dr,Portage,MI,49024,242000,4,2.5,3200,15899,1968,53,4,42.196856,-85.602063
12/11/2020,1585 Dogwood Dr,Portage,MI,49024,227500,4,3,1340,13160,1979,42,88,42.1946477,-85.6077273
9/15/2020,2311 Hickory Point Dr N,Portage,MI,49024,238500,5,2.5,2503,14400,1969,52,175,42.2185456,-85.6168051
2/22/2021,6909 Orchard Meadow Ct,Portage,MI,49024,272000,3,2.5,2222,10019,1999,22,15,42.2170866,-85.6017818
9/17/2020,2207 Ewing Ave,Portage,MI,49024,182000,4,2,1830,11325,1970,51,173,42.2035358,-85.6157206
12/4/2020,3919 Hayes St,Portage,MI,49002,168000,2,2,1976,15158,1942,79,95,42.1870054,-85.5422096
10/20/2020,8148 Copper Oaks St,Portage,MI,49002,259900,4,2,2140,11021,2002,19,140,42.199045,-85.5365585
9/25/2020,4829 S Long Lake Dr,Portage,MI,49002,210000,2,1,1098,7841,1930,91,165,42.1846306,-85.5306252
10/30/2020,8149 Black Forest Dr,Portage,MI,49002,224900,4,2,1713,10890,1998,23,130,42.1990068,-85.5370613
12/22/2020,5022 Old Colony Rd,Portage,MI,49024,186000,3,1.5,1278,14375,1957,64,77,42.2445133,-85.6003154
12/11/2020,5350 Plateau St,Portage,MI,49002,170000,3,2,1520,10890,1959,62,88,42.2390531,-85.5867945
2/8/2021,5805 Thunder Bay St,Portage,MI,49024,261000,3,2,1714,12066,1993,28,29,42.2331665,-85.6254596
1/8/2021,6039 Salem Ln,Portage,MI,49002,178000,2,2,1731,45477,1960,61,60,42.2287575,-85.5851067
9/28/2020,2529 Brookhaven Dr,Portage,MI,49024,210000,3,1.5,1770,21780,1955,66,162,42.2442131,-85.6201385
2/19/2021,3965 Hollow Wood Dr,Portage,MI,49024,725700,5,4.5,4470,15829,2020,1,18,42.2241002,-85.636646
12/31/2020,6535 Westchester St,Portage,MI,49024,120000,4,1.5,1564,14810,1957,64,68,42.2217637,-85.6149374
2/10/2021,4222 Fireside Ave,Portage,MI,49002,162000,3,1,1300,8276,1965,56,27,42.1976422,-85.5385898
1/15/2021,4623 Kenneth Ct,Portage,MI,49002,130000,4,2,1268,8712,1946,75,53,42.1754276,-85.5330742
12/29/2020,1914 Forest Dr,Portage,MI,49002,280000,2,1,1006,5663,1949,72,70,42.1878527,-85.5670997
10/23/2020,7714 Pickering St,Portage,MI,49024,185300,3,1,1272,10019,1964,57,137,42.2049855,-85.6174075
2/8/2021,5066 Swallow Ave,Kalamazoo,MI,49009,312000,4,2.5,2586,25700,1965,56,29,42.1943684,-85.6485337
9/16/2020,7185 Leslee St,Portage,MI,49024,221000,3,2,1252,10454,1988,33,174,42.2128203,-85.6044132
10/30/2020,7252 Hampstead Ln,Portage,MI,49024,306500,4,2.5,2802,8189,2000,21,130,42.2116381,-85.6304187
12/10/2020,390 Brittany Dr,Portage,MI,49024,355000,5,3.5,3596,13504,1994,27,89,42.1735575,-85.5928221
12/11/2020,1518 Drayton Ct,Portage,MI,49002,309900,4,2.5,2060,14418,2000,21,88,42.173057,-85.5767872
11/12/2020,517 Bacon Ave,Portage,MI,49002,186000,5,3,1740,25265,1974,47,117,42.1722432,-85.5836599
10/15/2020,1220 E Osterhout Ave,Portage,MI,49002,169900,3,1.5,1476,10454,1959,62,145,42.1644633,-85.576124
12/16/2020,1551 Lancelot Ct,Portage,MI,49002,345000,5,2.5,2923,19602,2001,20,83,42.1690374,-85.571401
11/10/2020,225 E Centre Ave,Portage,MI,49002,176400,3,1.5,2298,8712,1956,65,119,42.2012355,-85.5872968
10/27/2020,403 Parkland Ter,Portage,MI,49024,289900,4,2.5,2651,15682,1994,27,133,42.1867585,-85.5928975
9/21/2020,2737 Chestnut Ridge Ave,Portage,MI,49024,253000,3,2,2002,10803,1997,24,169,42.1666671,-85.6216044
9/29/2020,11013 Higley Cir E,Schoolcraft,MI,49087,440000,3,2,2232,41000,1972,49,161,42.1572664,-85.6324562
10/29/2020,10115 S Westnedge Ave,Portage,MI,49002,333000,4,3.5,3652,33541,1985,36,131,42.1702427,-85.5887234
11/30/2020,744 Anchor Ln,Portage,MI,49002,379900,5,3.5,4567,16117,2003,18,99,42.1766725,-85.5811883
9/28/2020,7812 Kingston Dr,Portage,MI,49002,145000,3,1.5,1272,13000,1951,70,162,42.2035596,-85.5841823
12/31/2020,5816 Monticello Ave,Portage,MI,49024,85000,3,1,960,22216,1936,85,68,42.2327064,-85.6043889
2/2/2021,3735 Byram Circle Cir,Portage,MI,49024,3.00E+05,4,2.5,2246,7841,2016,5,35,42.231853,-85.634608
11/20/2020,3541 Sandhill Ln,Portage,MI,49024,399000,6,3.5,4671,19026,1989,32,109,42.2435582,-85.6317237
2/12/2021,3672 Taunton Trl,Portage,MI,49024,334900,4,2.5,2393,8727,2018,3,25,42.2331804,-85.6331123
12/1/2020,5706 Springridge St,Portage,MI,49024,310000,4,2.5,2916,10803,1998,23,98,42.2345367,-85.6210421
10/29/2020,6211 Mcgillicuddy Ln,Portage,MI,49024,452000,5,3.5,3055,13150,2019,2,131,42.2272702,-85.6351846
12/21/2020,709 Sunbright Ave,Portage,MI,49024,169000,3,1,1422,7928,1959,62,78,42.2289462,-85.597041
1/25/2021,2514 Romence Rd,Portage,MI,49024,197500,3,2.5,2270,12196,1966,55,43,42.2158703,-85.6192951
12/10/2020,5775 Newhaven Dr,Portage,MI,49024,175000,3,2,1640,10890,1983,38,89,42.2336201,-85.6191947
9/17/2020,7536 Angling Rd,Portage,MI,49024,176000,3,1.5,1632,37897,1965,56,173,42.2073992,-85.6424232
10/7/2020,5107 Greenhill St,Portage,MI,49024,265000,3,3,3258,18295,1957,64,153,42.2436257,-85.6193554
9/29/2020,1906 W Kilgore Rd,Kalamazoo,MI,49008,196000,3,1.5,1486,12197,1977,44,161,42.245445,-85.6111015
11/2/2020,1115 Woodview Dr,Portage,MI,49024,284750,4,2.5,2262,16117,1971,50,127,42.1963648,-85.6023041
10/21/2020,7141 Rockford St,Portage,MI,49024,170000,3,2,1508,9017,1960,61,139,42.2130216,-85.6081692
2/8/2021,8720 Dolphin St,Portage,MI,49024,223000,3,2,2253,11761,1967,54,29,42.1901725,-85.5963981
11/30/2020,7804 Julie Dr,Portage,MI,49024,212000,3,2,2112,14985,1970,51,99,42.2037029,-85.610017
12/11/2020,1830 Greenview Ave,Portage,MI,49024,176600,3,1.5,1575,8712,1968,53,88,42.2171428,-85.6113024
12/8/2020,7171 Leslee St,Portage,MI,49024,237000,4,2.5,2394,9845,1987,34,91,42.2130511,-85.6044132
12/14/2020,7120 Green Forest Dr,Portage,MI,49024,230000,4,3.5,2485,12197,1962,59,85,42.2135868,-85.6038307
3/5/2021,6828 Keystone St,Portage,MI,49024,168500,3,1,1413,10560,1958,63,4,42.2175837,-85.5976838
10/7/2020,1727 Woodland Dr,Portage,MI,49024,182000,4,1.5,1778,9757,1966,55,153,42.2114777,-85.6100572
11/6/2020,7075 Sparrow Rdg,Portage,MI,49024,235400,3,2,1408,8407,2004,17,123,42.2144503,-85.5972419
2/1/2021,586 E Osterhout Ave,Portage,MI,49002,415000,5,2.5,2676,195149,1990,31,36,42.1645046,-85.5840179
11/19/2020,1188 Breckenridge Way,Portage,MI,49002,296000,4,3,2716,17860,1998,23,110,42.1663334,-85.5761843
2/5/2021,1594 Auburn Woods Trl,Portage,MI,49002,295000,4,3.5,3012,13000,2002,19,32,42.1699708,-85.5711398
10/27/2020,3933 Clearwater Terrace Ter,Portage,MI,49002,233530,3,2,2192,15836,2020,1,133,42.1605059,-85.5422015
12/31/2020,9713 Oakview Dr,Portage,MI,49024,290000,4,3,3283,35719,1972,49,68,42.1760002,-85.5982865
10/28/2020,475 White Oak Dr,Portage,MI,49024,245000,3,3,2850,13634,1978,43,132,42.1685192,-85.5939873
12/15/2020,133 Cherryview Dr,Portage,MI,49024,319500,4,3,3223,17293,1994,27,84,42.1778684,-85.5897682
12/4/2020,135 Montague Dr,Portage,MI,49024,310000,5,3.5,2625,21000,1979,42,95,42.1743676,-85.5898486
3/1/2021,116 Velvet Ave,Portage,MI,49002,193500,3,2.5,2174,15377,1972,49,8,42.1798996,-85.5885225
10/12/2020,10595 Pierport Dr,Portage,MI,49024,445000,5,3.5,3458,15000,2017,4,148,42.1634709,-85.6019425
10/9/2020,1692 E T Ave,Vicksburg,MI,49097,125000,3,1,1029,7841,1934,87,151,42.1572212,-85.5685871
2/26/2021,9938 Pineview Dr,Portage,MI,49002,220000,4,2.5,2460,14810,1980,41,11,42.1722387,-85.5740339
2/5/2021,7122 Leawood St,Portage,MI,49024,196555,4,2,1892,13000,1959,62,32,42.2134854,-85.6233513
12/18/2020,7347 Hampstead Ln,Portage,MI,49024,345000,4,3,2880,22651,2003,18,81,42.2107371,-85.6289628
11/30/2020,6801 Hickory Point Dr E,Portage,MI,49024,325000,5,2.5,3036,21812,1970,51,99,42.2184797,-85.615078
10/16/2020,6242 Angling Rd,Portage,MI,49024,196000,3,1.5,1192,16683,1957,64,144,42.2260261,-85.6293748
12/21/2020,7354 Cottage Oaks Dr,Portage,MI,49024,617300,5,4.5,6100,30187,1990,31,78,42.2105547,-85.6343135
9/10/2020,3537 Hollowwood Dr,Portage,MI,49024,315000,4,2.5,3576,18260,1989,32,180,42.2245637,-85.6313824
10/1/2020,3590 Candler Ct,Portage,MI,49024,312600,3,2.5,2393,9648,2020,1,159,42.232207,-85.634762
10/8/2020,7370 S 12th St,Portage,MI,49024,250000,4,2,1180,436907,1963,58,152,42.2099603,-85.6488712
2/5/2021,1114 Lay Blvd,Kalamazoo,MI,49001,115000,3,1.5,1344,5706,1927,94,32,42.273003,-85.5658937
2/2/2021,1131 Clover St,Kalamazoo,MI,49008,118000,3,1,800,5662,1951,70,35,42.2548886,-85.5985069
2/12/2021,309 Oakhurst Ave,Kalamazoo,MI,49001,123000,2,1,797,7797,1920,101,25,42.2499863,-85.5861113
2/11/2021,1315 E Cork St,Kalamazoo,MI,49001,85000,4,2,1275,8712,1930,91,26,42.2597811,-85.5634212
2/12/2021,231 Garland St,Kalamazoo,MI,49001,180000,2,1.5,1451,6534,1933,88,25,42.2621658,-85.5859104
12/18/2020,1804 Miller Rd,Kalamazoo,MI,49001,90000,2,1,688,7405,1948,73,81,42.2665854,-85.5577334
2/17/2021,701 Royce Ave,Kalamazoo,MI,49001,190000,4,2.5,3112,23522,1947,74,20,42.2550231,-85.5721246
11/19/2020,732 Garland Ave,Kalamazoo,MI,49008,183200,4,2,1733,15246,1936,85,110,42.2626019,-85.5932641
12/8/2020,216 Hutchinson St,Kalamazoo,MI,49001,160000,4,1.5,1500,7841,1947,74,91,42.2568951,-85.5856273
9/18/2020,216 Whitcomb St,Kalamazoo,MI,49001,130000,2,1,1021,6534,1950,71,172,42.261606,-85.5853187
2/19/2021,1207 Reed Ave,Kalamazoo,MI,49001,85000,3,2,1584,4193,1910,111,18,42.2742567,-85.5652246
2/26/2021,3615 Laird Ave,Kalamazoo,MI,49008,160000,3,2,1897,7492,1939,82,11,42.2560147,-85.6171292
3/3/2021,1104 Miller Rd,Kalamazoo,MI,49001,147500,3,1,970,8102,1950,71,6,42.2667003,-85.5662756
3/3/2021,1322 Floral Dr,Kalamazoo,MI,49008,275000,3,2,2543,20909,1951,70,6,42.2498567,-85.6012796
3/5/2021,3209 Kenilworth Ave,Kalamazoo,MI,49001,150000,5,2,960,8712,1950,71,4,42.2593625,-85.5715015
11/13/2020,1019 Reed Ave,Kalamazoo,MI,49001,103000,4,1.5,1737,4224,1913,108,116,42.2742662,-85.5675765
2/19/2021,2031 Dixie Pl,Kalamazoo,MI,49001,59,3,2,912,4095,1930,91,18,42.2704973,-85.5836599
1/11/2021,3010 Broadway Ave,Kalamazoo,MI,49008,177000,3,1.5,1742,12632,1946,75,57,42.2616088,-85.6215843
12/17/2020,2113 Banbury Rd,Kalamazoo,MI,49001,148500,4,2,2128,7928,1949,72,82,42.2511157,-85.552861
11/13/2020,3332 Old Colony Rd,Kalamazoo,MI,49008,210100,3,1.5,2100,16335,1954,67,116,42.2580537,-85.6004761
2/26/2021,2415 Law Ave,Kalamazoo,MI,49008,340000,3,3.5,2800,10890,1948,73,11,42.2662871,-85.5929243
9/22/2020,1221 Lakeway Ave,Kalamazoo,MI,49001,195000,3,2,1860,10890,1942,79,168,42.2532149,-85.5652237
12/2/2020,4017 Sunvalley Dr,Kalamazoo,MI,49008,339900,4,2.5,2472,18870,1965,56,97,42.250534,-85.622071
12/4/2020,2327 Lorraine Ave,Kalamazoo,MI,49008,419000,4,3,2444,25613,1959,62,95,42.2627546,-85.6189241
1/28/2021,2132 Amherst Ave,Kalamazoo,MI,49008,115900,2,1,955,7800,1927,94,40,42.2578315,-85.6152788
1/13/2021,3640 Adams St,Kalamazoo,MI,49008,127000,2,1,816,6440,1925,96,55,42.2560618,-85.6223072
9/24/2020,608 Pioneer St,Kalamazoo,MI,49008,92000,3,1,975,5009,1896,125,166,42.2771824,-85.5912441
9/24/2020,2106 Stetson Ct,Kalamazoo,MI,49001,105000,4,1,1445,4500,1925,96,166,42.2700283,-85.583459
9/11/2020,120 Millview Ave,Kalamazoo,MI,49001,129000,3,1.5,1095,5271,1904,117,179,42.2682155,-85.5822935
9/16/2020,2719 Bronson Blvd,Kalamazoo,MI,49008,3.00E+05,4,2.5,2085,11326,1940,81,174,42.2637705,-85.5954899
9/25/2020,3419 Old Colony Rd,Kalamazoo,MI,49008,243000,4,3,2756,22044,1948,73,165,42.2570173,-85.6000978
9/18/2020,2138 Frederick Ave,Kalamazoo,MI,49008,225000,3,2.5,2421,17163,1957,64,172,42.2697781,-85.6211024
9/17/2020,2717 Broadway Ave,Kalamazoo,MI,49008,320000,5,2.5,2920,12197,1960,61,173,42.2639296,-85.6189337
10/5/2020,312 Fairview Ave,Kalamazoo,MI,49001,147500,2,1.5,1200,6534,1930,91,155,42.2634084,-85.586143
9/25/2020,835 Lay Blvd,Kalamazoo,MI,49001,92500,3,1,1304,4792,1911,110,165,42.2733933,-85.5700342
9/11/2020,1110 Cambridge Dr,Kalamazoo,MI,49001,205000,3,2.5,2175,8015,1928,93,179,42.2629757,-85.5660143
10/6/2020,3648 Lovers Ln,Kalamazoo,MI,49001,116000,2,1.5,838,9860,1925,96,154,42.2553497,-85.5698793
9/30/2020,2703 S Rose St,Kalamazoo,MI,49001,120000,2,2,1576,13983,1940,81,160,42.2639938,-85.5844637
11/3/2020,540 Pleasant Ave,Kalamazoo,MI,49008,121000,2,1,960,6534,1952,69,126,42.2498064,-85.5910878
10/23/2020,1326 Lakeway Ave,Kalamazoo,MI,49001,205000,3,2,1904,26092,1942,79,137,42.2527668,-85.5635754
10/1/2020,515 Clinton Ave,Kalamazoo,MI,49001,130000,4,1.5,1954,7405,1911,110,159,42.2756942,-85.5738932
10/23/2020,2221 Portage St,Kalamazoo,MI,49001,130000,4,1,1330,12371,1922,99,137,42.2685084,-85.5703148
10/29/2020,115 Fairview Ave,Kalamazoo,MI,49001,207500,4,2.5,2165,9779,1942,79,131,42.2634816,-85.5831375
11/10/2020,2922 Duke St,Kalamazoo,MI,49008,245000,3,2.5,1497,7841,1941,80,119,42.2617743,-85.5947296
10/21/2020,1517 Fair St,Kalamazoo,MI,49001,85000,2,1,826,2483,1917,104,139,42.2759166,-85.5722578
10/21/2020,1619 Miller Rd,Kalamazoo,MI,49001,154900,4,3,2812,26005,2001,20,139,42.2670771,-85.5594585
10/2/2020,738 Whitcomb St,Kalamazoo,MI,49008,215000,4,2,1990,11195,1939,82,158,42.2613976,-85.593702
10/13/2020,1016 Parker Ave,Kalamazoo,MI,49008,188000,4,1.5,2064,9148,1951,70,147,42.2544612,-85.5975231
11/2/2020,1803 Lakeway Ave,Kalamazoo,MI,49001,220000,3,1.5,2252,12000,1931,90,127,42.2531526,-85.5581344
11/10/2020,1826 Dorchester Ave,Kalamazoo,MI,49001,180000,3,2,1553,12330,1952,69,119,42.2488676,-85.5570888
10/5/2020,2332 S Rose St,Kalamazoo,MI,49001,215000,3,1.5,1880,7700,1937,84,155,42.2675133,-85.5850263
10/22/2020,601 Edgemoor Ave,Kalamazoo,MI,49008,220000,3,1.5,2016,6534,1942,79,138,42.2649828,-85.5908284
11/10/2020,218 Fairview Ave,Kalamazoo,MI,49001,142000,2,1,1136,6534,1928,93,119,42.2633989,-85.5849893
10/5/2020,2121 Adelaide St,Kalamazoo,MI,49001,27750,2,1,780,6307,1901,120,155,42.2697901,-85.5740239
10/7/2020,4105 Standish St,Kalamazoo,MI,49008,145000,3,2,1480,9235,1962,59,153,42.2500419,-85.5973179
9/10/2020,27 Inkster Ave,Kalamazoo,MI,49001,165000,3,3.5,1896,8712,1907,114,180,42.2666608,-85.5808466
11/9/2020,1339 Howard St,Kalamazoo,MI,49008,145000,3,1.5,1170,8712,1926,95,120,42.2740212,-85.6033888
11/10/2020,1405 Hillcrest Ave,Kalamazoo,MI,49008,234900,3,1.5,1676,5662,1915,106,119,42.2730662,-85.6039425
10/9/2020,1333 W Maple St,Kalamazoo,MI,49008,171000,2,1,1558,5793,1930,91,151,42.272288,-85.6032806
10/16/2020,2607 Ferdon Rd,Kalamazoo,MI,49008,211000,3,1.5,1480,11250,1975,46,144,42.2651374,-85.6233915
11/4/2020,2235 Tipperary Rd,Kalamazoo,MI,49008,347000,4,2.5,2709,6534,1927,94,125,42.2694278,-85.6112745
11/3/2020,2202 Oakland Dr,Kalamazoo,MI,49008,235000,3,1.5,2216,7754,1926,95,126,42.2692357,-85.6093449
10/14/2020,2429 Edgewood Dr,Kalamazoo,MI,49008,85000,3,1,732,21518,1932,89,146,42.2513959,-85.6199426
11/3/2020,2318 Frederick Ave,Kalamazoo,MI,49008,196500,3,2.5,1585,8712,1948,73,126,42.2677254,-85.6217048
9/15/2020,1310 Vassar Dr,Kalamazoo,MI,49001,190000,4,2,1909,8102,1930,91,175,42.2621528,-85.5639344
10/23/2020,1514 Lane Blvd,Kalamazoo,MI,49001,107000,4,1.5,1224,3964,1919,102,137,42.2720833,-85.5609888
10/9/2020,536 Homecrest Ave,Kalamazoo,MI,49001,190000,3,1.5,1584,36111,1973,48,151,42.2651229,-85.573553
10/7/2020,820 Fulton St,Kalamazoo,MI,49001,150000,3,1.5,1462,9496,1954,67,153,42.2689749,-85.5707881
2/8/2021,3208 Tamsin Ave,Kalamazoo,MI,49008,187900,3,1,1356,14375,1964,57,29,42.261378,-85.6292
12/7/2020,2427 Kensington Dr,Kalamazoo,MI,49008,260000,3,2,2004,9060,1942,79,92,42.2613677,-85.6192951
10/14/2020,3407 Madison St,Kalamazoo,MI,49008,153500,3,1,1086,12197,1930,91,146,42.2583323,-85.6230913
10/8/2020,2822 Wellington Rd,Kalamazoo,MI,49008,130900,2,1,1580,14375,1950,71,152,42.2623392,-85.6253692
12/11/2020,2131 Amherst,Kalamazoo,MI,49008,69000,3,1,1000,9148,1915,106,88,42.2575142,-85.6152938
1/8/2021,3608 Barnard Ave,Kalamazoo,MI,49008,158000,4,1.5,1400,6970,1907,114,60,42.2563374,-85.6204598
12/18/2020,2126 Edgewood Dr,Kalamazoo,MI,49008,129000,3,1,980,17424,1915,106,81,42.2520073,-85.61511
1/22/2021,3715 Madison St,Kalamazoo,MI,49008,130000,3,1,1353,8712,1941,80,46,42.2549759,-85.6230702
1/19/2021,2221 Stevens Ave,Kalamazoo,MI,49008,137000,3,1,1600,9583,1947,74,49,42.2529162,-85.6164436
10/23/2020,220 Evelyn Ave,Kalamazoo,MI,49001,150000,3,2,1972,7623,1946,75,137,42.2495371,-85.5854282
10/30/2020,1821 Winchell Ave,Kalamazoo,MI,49008,187000,2,1.5,1758,10019,1952,69,130,42.2668165,-85.610981
11/19/2020,130 Leona Ave Ave,Kalamazoo,MI,49001,146000,5,2,1731,8712,1947,74,110,42.2541989,-85.5786763
9/25/2020,418 Hutchinson St,Kalamazoo,MI,49001,75000,1,1,576,14374,1942,79,165,42.2571008,-85.5878243
1/27/2021,2414 S Westnedge Ave,Kalamazoo,MI,49008,253000,5,2.5,3108,17424,1917,104,41,42.2664147,-85.589949
12/16/2020,2133 Waite Ave,Kalamazoo,MI,49008,344300,3,2.5,2669,13504,1929,92,83,42.270581,-85.609643
12/1/2020,136 Imperial St,Kalamazoo,MI,49001,106000,3,1,1280,19166,1927,94,98,42.2610182,-85.5830571
11/13/2020,1581 Spruce Dr,Kalamazoo,MI,49008,155000,4,2.5,1300,7405,1922,99,116,42.2712125,-85.6082134
12/23/2020,114 W Alcott St,Kalamazoo,MI,49001,75000,1,1,929,4792,1940,81,76,42.2702095,-85.5821729
12/4/2020,439 Montrose Ave,Kalamazoo,MI,49001,150000,2,2,1594,6600,1929,92,95,42.2639852,-85.5887435
12/21/2020,2256 Benjamin Ave,Kalamazoo,MI,49008,295000,3,2,2646,6621,1928,93,78,42.269374,-85.6099474
11/13/2020,1423 Haven Way,Kalamazoo,MI,49009,429900,4,2.5,2416,28750,2020,1,116,42.2580537,-85.6004761
1/11/2021,1832 S Burdick,Kalamazoo,MI,49001,70000,5,2,1718,3920,1914,107,57,42.2731215,-85.5831877
10/23/2020,2517 Bronson Blvd,Kalamazoo,MI,49008,460000,3,2.5,3104,34848,1925,96,137,42.2656856,-85.5942683
10/13/2020,602 Whites Rd,Kalamazoo,MI,49008,110900,2,1,768,6621,1950,71,147,42.2606242,-85.5910641
12/18/2020,1415 White Oak Dr,Kalamazoo,MI,49008,659000,4,3.5,4400,78539,1984,37,81,42.2490912,-85.6030555
10/30/2020,327 W Cork St,Kalamazoo,MI,49001,135000,3,1,1356,5687,1922,99,130,42.2594974,-85.586979
10/24/2020,214 Buchanan Ave,Kalamazoo,MI,49001,116000,2,1,720,6752,1951,70,136,42.2530313,-85.5853076
11/16/2020,2503 Outlook St,Kalamazoo,MI,49001,241000,3,2.5,1938,5940,1928,93,113,42.2657707,-85.583438
12/22/2020,3703 Bronson Blvd,Kalamazoo,MI,49008,389000,3,3.5,4612,25265,1960,61,77,42.2545444,-85.6011993
11/12/2020,128 Buchanan Ave,Kalamazoo,MI,49001,110000,2,1,760,12240,1953,68,117,42.2532893,-85.5832681
10/27/2020,159 Millview Ave,Kalamazoo,MI,49001,210000,3,1.5,1680,8102,1928,93,133,42.2678944,-85.5839412
12/17/2020,2318 S Westnedge Ave,Kalamazoo,MI,49008,213500,4,2,2190,6600,1915,106,82,42.2680491,-85.5899691
2/12/2021,1242 Whites Rd,Kalamazoo,MI,49008,274000,4,4,2934,23522,1880,141,25,42.260837,-85.6008779
10/28/2020,2518 Outlook St,Kalamazoo,MI,49001,239900,4,1.5,2258,5924,1928,93,132,42.2658036,-85.5838338
11/23/2020,521 Hutchinson St,Kalamazoo,MI,49008,125000,2,1,832,13068,1958,63,106,42.2568828,-85.5904915
12/16/2020,417 Evelyn Ave,Kalamazoo,MI,49001,165000,4,2,2115,17250,1952,69,83,42.2490929,-85.5878795
12/30/2020,2507 Oakland Dr,Kalamazoo,MI,49008,290000,4,2,2229,16379,1937,84,69,42.2655435,-85.6098563
2/12/2021,1830 Vanzee St,Kalamazoo,MI,49001,57000,4,1.5,1412,2570,1906,115,25,42.2731931,-85.5800037
10/23/2020,110 Reed Ave,Kalamazoo,MI,49001,22000,2,1,1088,2838,1902,119,137,42.2739868,-85.5824542
12/7/2020,1515 Howard St,Kalamazoo,MI,49008,215000,4,3.5,2852,21736,1907,114,92,42.2741028,-85.6054053
1/4/2021,2121 Benjamin Ave,Kalamazoo,MI,49008,384000,4,3,2513,13000,1953,68,64,42.27142,-85.611024
12/9/2020,2513 Waite Ave,Kalamazoo,MI,49008,240000,4,2.5,2328,12632,1952,69,90,42.265507,-85.611523
9/18/2020,1812 Buena Vista St,Kalamazoo,MI,49001,160000,3,1,1537,11151,1949,72,172,42.2676834,-85.5575311
9/18/2020,1823 Miller Rd,Kalamazoo,MI,49001,175000,4,2,1782,12632,1950,71,172,42.2670482,-85.5570084
9/23/2020,2820 Lowell St,Kalamazoo,MI,49001,135000,2,1.5,1128,5663,1940,81,167,42.2625887,-85.5572396
9/23/2020,2934 Lorraine Ave,Kalamazoo,MI,49008,142000,3,2,1170,7492,1949,72,167,42.2631498,-85.6277284
9/10/2020,2213 Springmont Ave,Kalamazoo,MI,49008,145000,3,2,1490,8756,1924,97,180,42.2551078,-85.6164436
9/10/2020,2233 Edgewood Dr,Kalamazoo,MI,49008,120000,2,2,1422,9017,1927,94,180,42.2517333,-85.6170205
9/18/2020,1415 Kingston Ave,Kalamazoo,MI,49001,175000,3,1.5,1584,7920,1947,74,172,42.2574493,-85.5621565
9/24/2020,1228 Homecrest Ave,Kalamazoo,MI,49001,130000,2,1,1868,8276,1928,93,166,42.2647784,-85.5642142
9/11/2020,1704 Royce Ave,Kalamazoo,MI,49001,175000,3,1.5,1814,10890,1947,74,179,42.255109,-85.559173
9/14/2020,426 Buchanan Ave,Kalamazoo,MI,49001,142500,3,2,1609,13504,1942,79,176,42.2530754,-85.5882262
10/5/2020,714 Lane Blvd,Kalamazoo,MI,49001,9900,3,2,1195,3960,1911,110,155,42.2720701,-85.571602
9/25/2020,325 Whitcomb St,Kalamazoo,MI,49001,141000,3,1.5,1676,5314,1923,98,165,42.2612834,-85.5869553
10/30/2020,2731 Carlyle Dr,Kalamazoo,MI,49008,360000,5,2.5,2545,10890,1963,58,130,42.2635515,-85.6175882
9/22/2020,2505 Applelane Ave,Kalamazoo,MI,49008,215000,3,1.5,1410,9148,1955,66,168,42.2634496,-85.6204598
11/3/2020,3411 Pine Grove Ln,Kalamazoo,MI,49008,305000,5,3.5,3558,25700,1962,59,126,42.268924,-85.6314828
12/2/2020,2230 Paddington Rd,Kalamazoo,MI,49001,190000,3,2,1298,11892,1949,72,97,42.2515808,-85.5506953
1/22/2021,2132 Dorchester Ave,Kalamazoo,MI,49001,188000,3,2,1246,7928,1954,67,46,42.2489594,-85.5525824
11/4/2020,1016 Lakeway Ave,Kalamazoo,MI,49001,190000,3,1.5,2815,19602,1942,79,125,42.2527504,-85.5680243
11/30/2020,3117 Cameron St,Kalamazoo,MI,49001,138500,3,2,1727,6011,1953,68,99,42.2600504,-85.5599435
12/4/2020,710 Norton Dr,Kalamazoo,MI,49001,210000,3,1.5,1616,10890,1931,90,95,42.2643471,-85.5712769
11/17/2020,1621 Royce Ave,Kalamazoo,MI,49001,138000,2,1,1310,10802,1929,92,112,42.255579,-85.559563
12/8/2020,906 Sunnock Ave,Kalamazoo,MI,49001,185000,4,2,1974,7048,1950,71,91,42.256765,-85.5698405
12/7/2020,1410 Kingston Ave,Kalamazoo,MI,49001,178000,3,1,1283,7841,1935,86,92,42.2571057,-85.562354
12/29/2020,1412 Winton Ave,Kalamazoo,MI,49001,166500,3,2,1618,13000,1934,87,70,42.2562199,-85.5623857
1/8/2021,1104 Homecrest Ave,Kalamazoo,MI,49001,205000,4,1.5,1493,8102,1931,90,60,42.2647591,-85.5664286
12/29/2020,1706 Roseland Ave,Kalamazoo,MI,49001,140000,2,1,1565,7275,1950,71,70,42.2656975,-85.5588579
9/25/2020,3118 Konkle St,Kalamazoo,MI,49001,147000,3,1,1498,8233,1952,69,165,42.2602569,-85.5538519
12/30/2020,1504 Howland Ave,Kalamazoo,MI,49001,42500,2,1,680,14854,1926,95,69,42.258493,-85.5612769
12/28/2020,1609 Kingston Ave,Kalamazoo,MI,49001,180000,3,1.5,1615,7841,1945,76,71,42.2574233,-85.5605311
1/26/2021,1228 Royce Ave,Kalamazoo,MI,49001,196000,3,1.5,1514,10890,1941,80,42,42.2551331,-85.5650092
12/22/2020,1804 Banbury Rd,Kalamazoo,MI,49001,152900,2,1.5,1083,11892,1952,69,77,42.2507273,-85.5578931
1/21/2021,1816 Bloomfield Ave,Kalamazoo,MI,49001,166000,2,1.5,1460,10019,1955,66,47,42.2479219,-85.5574909
12/18/2020,1231 Howland Ave,Kalamazoo,MI,49001,68310,2,1.5,912,6621,1939,82,81,42.2587857,-85.5649595
12/15/2020,928 Royce Ave,Kalamazoo,MI,49001,230000,3,2.5,1692,7620,1941,80,84,42.2548022,-85.5695369
11/20/2020,1808 Golfview Ave,Kalamazoo,MI,49001,185000,3,2,1733,7928,1953,68,109,42.2498283,-85.5578052
12/18/2020,3316 St. Joseph St,Kalamazoo,MI,49001,137500,3,2,1798,13068,1924,97,81,42.2583811,-85.5712874
12/21/2020,1907 Banbury Rd,Kalamazoo,MI,49001,201500,4,2,2268,11761,1951,70,78,42.251134,-85.556263
12/4/2020,1014 E Kilgore Rd,Portage,MI,49002,190000,3,1.5,1848,18731,1959,62,95,42.2447943,-85.5681047
10/29/2020,1116 Homecrest Ave,Kalamazoo,MI,49001,190900,3,1.5,1642,8102,1929,92,131,42.2648208,-85.5660143
12/23/2020,1110 Hays Park Ave,Kalamazoo,MI,49001,21000,4,1,1446,3964,1906,115,76,42.274698,-85.5660937
10/8/2020,1527 Kingston Ave,Kalamazoo,MI,49001,154000,2,1,950,7841,1952,69,152,42.2574981,-85.5605466
12/28/2020,2938 Burke St,Kalamazoo,MI,49001,112000,2,1,733,25265,1930,91,71,42.2612612,-85.5703961
11/6/2020,727 Sunnock Ave,Kalamazoo,MI,49001,115000,3,1,1139,9017,1950,71,123,42.2569617,-85.5717775
1/19/2021,825 Barber Ave,Kalamazoo,MI,49001,131950,3,1,1237,11326,1917,104,49,42.255732,-85.5701572
9/15/2020,1125 Clover St,Kalamazoo,MI,49008,116000,3,1,1060,5793,1951,70,175,42.2548688,-85.5991302
10/5/2020,522 Terrace Ct,Kalamazoo,MI,49001,16750,3,2,1282,6098,1911,110,155,42.2746617,-85.5744386
10/7/2020,3539 Lowden St,Kalamazoo,MI,49008,38250,0,NA,753,12589,1931,90,153,42.2565979,-85.6252789
11/13/2020,159 Ridgewood St,Kalamazoo,MI,49001,157000,3,1,1595,6534,1947,74,116,42.2627127,-85.5840334
1/14/2021,1028 Clover St,Kalamazoo,MI,49008,108000,3,2,1236,13100,1947,74,54,42.2552163,-85.5971615
2/3/2021,2323 Portage St,Kalamazoo,MI,49001,135000,5,1,1755,13939,1915,106,34,42.2675613,-85.5701171
2/8/2021,2505 S Rose St,Kalamazoo,MI,49001,238000,5,2.5,2095,5662,1936,85,29,42.2657732,-85.5845451
2/5/2021,3237 Old Colony Rd,Kalamazoo,MI,49008,305000,3,1.5,2160,21780,1939,82,32,42.2587026,-85.5998534
11/13/2020,1215 Vassar Dr,Kalamazoo,MI,49001,155000,3,1,1194,8276,1934,87,116,42.2624454,-85.5652047
12/22/2020,2804 Bronson Blvd,Kalamazoo,MI,49008,411000,3,3,3523,13504,1954,67,77,42.263804,-85.598152
12/3/2020,2508 S Westnedge Ave,Kalamazoo,MI,49008,272500,4,2.5,2757,8712,1923,98,96,42.265666,-85.5899691
11/20/2020,3405 Portage St,Kalamazoo,MI,49001,153900,3,2,1536,12632,1935,86,109,42.2576794,-85.5642454
3/4/2021,308 Fairfax Ave,Kalamazoo,MI,49001,105000,3,1,859,6534,1934,87,5,42.2607558,-85.5862319
9/23/2020,1914 Dorchester Ave,Kalamazoo,MI,49001,195000,3,1.5,1790,12415,1952,69,167,42.2488933,-85.5560601
1/5/2021,1605 Sherdian Dr,Kalamazoo,MI,49001,158000,2,2,2544,4792,2013,8,63,42.2615034,-85.5599756
11/25/2020,2322 Glenwood Dr,Kalamazoo,MI,49008,4.00E+05,4,3.5,3499,8712,1917,104,104,42.2676398,-85.5910805
2/18/2021,716 Pioneer St,Kalamazoo,MI,49008,90000,3,1.5,2220,5793,1905,116,19,42.2771421,-85.5925591
12/11/2020,1015 Hays Park Ave,Kalamazoo,MI,49001,70000,2,1.5,1048,3920,1910,111,88,42.2749278,-85.5676182
10/5/2020,901 Reed Ave,Kalamazoo,MI,49001,34250,4,2,1391,7609,1901,120,155,42.2743091,-85.5688685
11/24/2020,1219 W Maple St,Kalamazoo,MI,49008,172000,3,1.5,1865,8712,1925,96,105,42.2722056,-85.601139
12/30/2020,2020 Saxonia Ln,Kalamazoo,MI,49008,575000,3,3.5,3924,33541,1962,59,69,42.2703997,-85.6052548
11/17/2020,2427 Broadway Ave,Kalamazoo,MI,49008,235000,3,2,1810,13286,1958,63,112,42.2662053,-85.6186325
12/14/2020,1916 Banbury Rd,Kalamazoo,MI,49001,161000,3,1.5,2040,11892,1949,72,85,42.250785,-85.5564312
11/18/2020,3525 Tamsin Ave,Kalamazoo,MI,49008,215000,3,1.5,1675,1568,1973,48,111,42.260473,-85.6321453
11/2/2020,1516 E Cork St,Kalamazoo,MI,49001,126500,2,1.5,1640,6534,1927,94,127,42.2594123,-85.5611025
10/28/2020,1628 Royce Ave,Kalamazoo,MI,49001,180000,3,1.5,1864,10803,1946,75,132,42.2551536,-85.5595679
2/10/2021,2428 S Burdick St,Kalamazoo,MI,49001,35500,0,NA,1428,8712,1916,105,27,42.2661504,-85.5800323
12/1/2020,3625 Lovers Ln,Kalamazoo,MI,49001,176000,3,2,1868,9148,1949,72,98,42.2555343,-85.5691801
12/3/2020,2104 Royce Ave,Kalamazoo,MI,49001,145000,3,1,918,10800,1938,83,96,42.255123,-85.553363
2/19/2021,1504 Winton Ave,Kalamazoo,MI,49001,135000,2,1,816,7841,1950,71,18,42.2562114,-85.5613883
10/8/2020,1321 Winton Ave,Kalamazoo,MI,49001,180000,3,2.5,1650,7841,1939,82,152,42.2565839,-85.5627579
12/28/2020,516 Reed Ave,Kalamazoo,MI,49001,85000,3,1.5,1200,5663,1925,96,71,42.273937,-85.5740201
3/5/2021,811 Foley St,Kalamazoo,MI,49001,95000,1,1,901,566,1949,72,4,42.2580289,-85.5706815
10/23/2020,1848 Vanzee St,Kalamazoo,MI,49001,67300,3,1,1464,11326,1922,99,137,42.272636,-85.5800438
1/11/2021,2209 Paddington Rd,Kalamazoo,MI,49001,187500,3,2,1781,11892,1950,71,57,42.2520222,-85.5516325
1/22/2021,1407 Lane Blvd,Kalamazoo,MI,49001,1.00E+05,3,1,1186,3920,1912,109,46,42.2724271,-85.5628454
2/12/2021,1322 Kingston Ave,Kalamazoo,MI,49001,175000,3,1,1548,6534,1933,88,25,42.2570229,-85.5633017
1/14/2021,1604 Kingston Ave,Kalamazoo,MI,49001,175000,3,1.5,1242,7841,1946,75,54,42.2571492,-85.5605818
3/5/2021,1007 Lane Blvd,Kalamazoo,MI,49001,96800,3,1.5,1940,4312,1925,96,4,42.2724574,-85.5673553
2/4/2021,920 Palmer Ave,Kalamazoo,MI,49001,90000,2,1,768,6534,1950,71,33,42.2697759,-85.568951
10/21/2020,719 Whites Rd,Kalamazoo,MI,49008,141000,4,1.5,1390,11761,1946,75,139,42.260246,-85.5928088
11/9/2020,433 Pierce Ave,Kalamazoo,MI,49001,114000,3,1,923,6752,1927,94,120,42.2545189,-85.5885024
12/8/2020,2320 Hazel Ave,Kalamazoo,MI,49008,72000,1,1,440,9450,1931,90,91,42.2544785,-85.6180903
12/21/2020,308 Garfield Ave,Kalamazoo,MI,49001,105000,2,1,648,6970,1946,75,78,42.2558438,-85.5861334
12/14/2020,723 Parker Ave,Kalamazoo,MI,49008,167000,3,2,1404,10890,1925,96,85,42.2533629,-85.5929426
9/14/2020,1710 Roseland Ave,Kalamazoo,MI,49001,114900,3,1,1620,7275,1950,71,176,42.2656833,-85.5586037
9/14/2020,1916 James St,Kalamazoo,MI,49001,95000,3,2,1440,2614,1925,96,176,42.2726942,-85.5655353
1/29/2021,2748 Cloyster Ct,Kalamazoo,MI,49008,380000,4,2.5,3395,21344,1961,60,39,42.2638463,-85.6026759
2/3/2021,2140 Waite Ave,Kalamazoo,MI,49008,310000,4,2.5,2932,8581,1933,88,34,42.2704804,-85.6102982
2/3/2021,3220 Madison St,Kalamazoo,MI,49008,92900,2,1,667,6098,1937,84,34,42.2592587,-85.6234718
2/5/2021,1936 Hazel Ave,Kalamazoo,MI,49008,247000,4,2,1742,13939,1951,70,32,42.2543382,-85.6118368
2/12/2021,1431 W Maple St,Kalamazoo,MI,49008,260000,4,3,2885,5140,1920,101,25,42.2722755,-85.6044901
12/11/2020,4158 Lakeside Dr,Kalamazoo,MI,49008,625000,5,4.5,5600,30492,1995,26,88,42.2489123,-85.6047346
12/4/2020,2233 Logan Ave,Kalamazoo,MI,49008,160000,3,1.5,1660,13000,1932,89,95,42.2585186,-85.6171665
11/24/2020,2212 Amherst Ave,Kalamazoo,MI,49008,160000,2,1,1527,7492,1967,54,105,42.2578667,-85.6162026
12/7/2020,2205 Sycamore Ln,Kalamazoo,MI,49008,301000,5,2,2426,31276,1958,63,92,42.2690175,-85.6300524
#N/A,2133 Treehaven Dr,Kalamazoo,MI,49008,270000,3,2,2216,23958,NA,#VALUE!,NA,42.2702655,-85.6245702
1/22/2021,403 Garfield Ave,Kalamazoo,MI,49001,82000,2,1,616,6970,1932,89,46,42.2554184,-85.5873973
2/10/2021,3614 Knox St,Kalamazoo,MI,49008,118000,2,1,809,6098,1951,70,27,42.2568709,-85.627208
12/1/2020,2825 Duke St,Kalamazoo,MI,49008,203777,4,1.5,1942,12197,1930,91,98,42.2625937,-85.5942464
2/19/2021,715 Edgemoor Ave,Kalamazoo,MI,49008,405000,5,4,3611,10019,1915,106,18,42.2649662,-85.5929317
12/1/2020,2711 Duke St,Kalamazoo,MI,49008,166700,2,1,1020,6534,1948,73,98,42.2640806,-85.5943032
12/29/2020,2116 Shelter Pointe Dr,Kalamazoo,MI,49008,5.00E+05,4,2.5,3060,28424,2019,2,70,42.269955,-85.6339419
2/11/2021,2731 Bronson Blvd,Kalamazoo,MI,49008,237000,4,1.5,1764,9801,1931,90,26,42.263569,-85.5959787
10/13/2020,121 W Maple St,Kalamazoo,MI,49001,117000,3,1.5,1196,5808,1905,116,147,42.2721193,-85.5838608
12/4/2020,1367 Floral Dr,Kalamazoo,MI,49008,305000,4,2.5,2945,18348,1950,71,95,42.2498968,-85.6025973
12/16/2020,2777 Bronson Blvd,Kalamazoo,MI,49008,325000,4,3,2759,11326,2001,20,83,42.2636822,-85.5979017
1/22/2021,403 Fairfax Ave,Kalamazoo,MI,49001,105000,2,1,1024,3049,1929,92,46,42.2603777,-85.5873973
3/5/2021,2726 Bronson Cir,Kalamazoo,MI,49008,267500,3,3.5,2768,11326,1957,64,4,42.2642048,-85.6015484
1/12/2021,420 Whitcomb St,Kalamazoo,MI,49001,120000,3,1,930,6098,1930,91,56,42.2615195,-85.5879232
12/23/2020,2327 Tipperary Rd,Kalamazoo,MI,49008,233500,3,1.5,1630,4792,1931,90,76,42.2678073,-85.6118843
11/20/2020,2229 Logan Ave,Kalamazoo,MI,49008,155000,3,1.5,2274,7492,1924,97,109,42.2585109,-85.6169657
12/16/2020,2415 Springmont Ave,Kalamazoo,MI,49008,119000,2,1,898,8750,1925,96,83,42.2551697,-85.6196931
2/26/2021,4026 Standish St,Kalamazoo,MI,49008,180000,3,2,1352,9235,1958,63,11,42.2510185,-85.5977567
11/20/2020,304 Parker Ave,Kalamazoo,MI,49001,132500,3,2,1228,10125,1930,91,109,42.2539449,-85.5860712
1/5/2021,2891 Bronson Blvd,Kalamazoo,MI,49008,280000,3,2,2005,49571,1942,79,63,42.2626035,-85.6012273
12/8/2020,3639 Lowden St,Kalamazoo,MI,49008,66000,2,1,1110,6446,1936,85,91,42.2560532,-85.6255407
2/3/2021,33 Blanche Ave,Kalamazoo,MI,49001,99000,2,1,693,5053,1925,96,34,42.2489457,-85.5810476
11/20/2020,438 Parkwood Dr,Kalamazoo,MI,49001,372000,4,3.5,3832,6300,1921,100,109,42.2687516,-85.5887435
12/15/2020,417 Hutchinson St,Kalamazoo,MI,49001,116000,2,1,1004,14113,1924,97,84,42.2565791,-85.5885273
12/10/2020,2212 S Burdick St,Kalamazoo,MI,49001,63000,3,1,1613,6098,1860,161,89,42.268692,-85.5816906
12/30/2020,1825 Van Zee,Kalamazoo,MI,49001,85000,3,1,1270,14810,1903,118,69,42.27334,-85.5796117
12/3/2020,1803 Royce Ave,Kalamazoo,MI,49001,192000,3,2,1604,10800,1947,74,96,42.255562,-85.558036
12/1/2020,1010 Southern Ave,Kalamazoo,MI,49001,122000,2,2,1723,8100,1955,66,98,42.263955,-85.5676527
11/20/2020,471 Egleston Ave,Kalamazoo,MI,49001,95000,4,1,1400,5009,1910,111,109,42.2767,-85.5755613
9/30/2020,1719 Homecrest Ave,Kalamazoo,MI,49001,146900,4,1,1096,7425,1952,69,160,42.2651449,-85.5589875
9/24/2020,2343 Tipperary Rd,Kalamazoo,MI,49008,261000,3,1.5,2151,6534,1951,70,166,42.2671002,-85.6122508
1/29/2021,3719 Kent Ave,Kalamazoo,MI,49008,121500,2,2,981,7826,1960,61,39,42.2550904,-85.615651
11/24/2020,2420 Carlyle Dr,Kalamazoo,MI,49008,242000,3,2,2209,13155,1953,68,105,42.2664913,-85.6180702
10/26/2020,3219 Tamsin Ave,Kalamazoo,MI,49008,150000,2,1,1700,10154,1963,58,134,42.2609537,-85.6295833
2/26/2021,4032 Kent Ave,Kalamazoo,MI,49008,112600,2,1,684,7841,1941,80,11,42.2510693,-85.6163282
3/2/2021,2126 Sheffield Dr,Kalamazoo,MI,49008,291000,3,1.5,1473,19166,1937,84,7,42.2711724,-85.6128976
1/4/2021,2662 Taliesin Dr,Kalamazoo,MI,49008,330000,4,1.5,1671,48787,1951,70,64,42.2650796,-85.6334904
12/9/2020,1702 Embury Rd,Kalamazoo,MI,49008,510000,4,3.5,3465,36242,1942,79,90,42.2667083,-85.6079884
10/5/2020,1905 Fitch Ave,Kalamazoo,MI,49008,345000,3,2,1860,6534,1936,85,155,42.2683132,-85.6110408
9/10/2020,2521 Ferdon Rd,Kalamazoo,MI,49008,231000,4,2.5,2494,11761,1960,61,180,42.2656518,-85.6234836
10/21/2020,534 Liberty St,Kalamazoo,MI,49008,145000,3,1,1070,6534,1928,93,139,42.250902,-85.5909335
10/21/2020,102 Edgemoor Ave,Kalamazoo,MI,49001,175450,3,2,1760,8276,1947,74,139,42.2652027,-85.5818357
11/11/2020,125 W Maple St,Kalamazoo,MI,49001,87500,3,2,1579,5663,1906,115,118,42.2720885,-85.5840618
11/6/2020,3426 Ash St,Kalamazoo,MI,49001,125000,3,1,1024,5227,1950,71,123,42.2568663,-85.5830571
11/5/2020,3405 Winchell Ave,Kalamazoo,MI,49008,579900,4,3.5,4125,124625,1936,85,124,42.266467,-85.6315631
10/1/2020,1932 Brentwood Ave,Kalamazoo,MI,49008,155000,3,1.5,1140,6098,1923,98,159,42.2713923,-85.6039914
11/2/2020,134 E Maple St,Kalamazoo,MI,49001,70000,3,1,1192,4661,1927,94,127,42.272335,-85.5814605
9/25/2020,3031 Wellington Rd,Kalamazoo,MI,49008,185000,3,2,1175,15551,1977,44,165,42.2610708,-85.6276481
2/18/2021,24340 Front St,Mattawan,MI,49071,154000,3,1.5,1434,12197,1925,96,19,42.2082775,-85.7885458
2/4/2021,23172 60th Ave,Mattawan,MI,49071,175000,3,2,1336,22057,1955,66,33,42.2008841,-85.7769405
12/1/2020,25440 Vargas Dr,Mattawan,MI,49071,334969,3,2,1688,47916,2019,2,98,42.245078,-85.799637
1/4/2021,24464 Wren Ave,Mattawan,MI,49071,229500,4,3,2623,24394,2004,17,64,42.2418602,-85.7902488
9/18/2020,52487 South Point Dr,Mattawan,MI,49071,150000,3,2,1440,15184,2015,6,172,42.22725,-85.7920303
1/22/2021,51678 Pleasant Dr,Mattawan,MI,49071,195000,3,1.5,1344,15000,1977,44,46,42.2312771,-85.8011565
9/28/2020,24172 Brownstone Blvd,Mattawan,MI,49071,255100,3,2,1584,31363,2003,18,162,42.2388913,-85.7874265
12/16/2020,48485 Meadow Oak Trl,Mattawan,MI,49071,250000,3,2.5,2294,27462,2002,19,83,42.2430225,-85.8078401
9/11/2020,48844 Apple Ln,Mattawan,MI,49071,238700,4,2.5,2474,34848,1993,28,179,42.2417964,-85.8024037
2/26/2021,27765 60th Ave,Mattawan,MI,49071,480000,2,3.5,3079,132282,2015,6,11,42.1999434,-85.8209647
9/16/2020,26595 60th Ave,Mattawan,MI,49071,260000,4,2,2338,69696,1971,50,174,42.2001188,-85.809921
11/25/2020,25947 Trestle Creek Ave,Mattawan,MI,49071,360000,5,3.5,3504,47916,2001,20,104,42.2501561,-85.8046585
11/25/2020,22711 French Rd,Mattawan,MI,49071,176000,3,1,1008,15000,1971,50,104,42.2293857,-85.7726517
12/11/2020,22863 Blackbird Ave,Mattawan,MI,49071,258000,4,3,2706,30710,1995,26,88,42.2679918,-85.7746139
11/2/2020,25015 Silver Oaks Blvd,Mattawan,MI,49071,275000,4,2,1464,26770,2004,17,127,42.2402051,-85.7959932
1/8/2021,49197 Churchill St,Mattawan,MI,49071,270500,4,2.5,2135,28136,2005,16,60,42.2397768,-85.7979545
1/22/2021,10925 W Q Ave,Portage,MI,49071,230000,3,2,1580,151588,1978,43,46,42.1964225,-85.7642928
12/23/2020,57710 Western St,Mattawan,MI,49071,152000,3,2,1720,25042,1992,29,76,42.2090711,-85.8047385
10/16/2020,23408 County Road 375,Mattawan,MI,49071,226000,4,2,1776,78408,1988,33,144,42.2732631,-85.7803303
9/18/2020,7984 5th St,Mattawan,MI,49071,241300,3,2,1377,29621,2020,1,172,42.201317,-85.7163613
11/5/2020,8742 Pine Island Ct N,Mattawan,MI,49071,480000,5,4.5,5489,65340,2006,15,124,42.2063608,-85.7207871
9/28/2020,23393 Finch Ave,Mattawan,MI,49071,273500,4,3.5,2650,43560,2001,20,162,42.2668391,-85.7798594
9/25/2020,22685 Blue Jay Ave,Mattawan,MI,49071,252000,4,2,2350,30187,1993,28,165,42.2667367,-85.772892
9/10/2020,41447 Cardinal St,Mattawan,MI,49071,240000,4,3,2212,34412,2001,20,180,42.2683168,-85.7714303
9/14/2020,50005 Meadow Oak Trl,Mattawan,MI,49071,225000,3,2,1826,37897,2000,21,176,42.2375646,-85.8058391
10/30/2020,24358 Almena Dr,Mattawan,MI,49071,231400,4,3,2508,34848,1999,22,130,42.2716347,-85.7890278
10/2/2020,58279 Silvergrass Dr,Mattawan,MI,49071,282500,4,3.5,3081,16570,2015,6,158,42.2069805,-85.802315
10/30/2020,22189 Salisbury Dr,Mattawan,MI,49071,205000,3,1.5,1308,17424,1979,42,130,42.2546535,-85.7679061
11/25/2020,58166 Blue Stem Cir,Mattawan,MI,49071,247900,4,2.5,1830,9991,2020,1,104,42.207342,-85.804039
11/17/2020,499 Treasure Island Dr,Mattawan,MI,49071,390000,3,3,1792,14172,1988,33,112,42.2110071,-85.7219309
11/25/2020,7167 Riesling St,Mattawan,MI,49071,319000,3,2.5,2456,43560,2003,18,104,42.2128943,-85.7329716
10/16/2020,7019 Eagle Height Dr,Mattawan,MI,49071,825100,4,3.5,4000,29185,2001,20,144,42.215425,-85.7291041
1/14/2021,58163 Blue Stem Cir,Mattawan,MI,49071,254900,4,2.5,2022,10377,2020,1,54,42.207341,-85.803192
11/19/2020,49843 Wentworth Dr,Mattawan,MI,49071,320000,4,3,2632,25607,2005,16,110,42.2380613,-85.7920703
10/14/2020,45322 Winchester Cir,Mattawan,MI,49071,340000,3,3,2680,514008,1974,47,146,42.253806,-85.7701702
10/15/2020,44615 Oak Leaves Ln,Mattawan,MI,49071,195000,3,1.5,1452,42994,1979,42,145,42.2565673,-85.7870261
1/29/2021,22824 60th Ave,Mattawan,MI,49071,315000,4,3.5,2653,93003,1996,25,39,42.2008728,-85.7716506
11/3/2020,58482 Silvergrass Ave,Mattawan,MI,49071,262000,4,2.5,2393,9148,2015,6,126,42.2069805,-85.802315
12/28/2020,59567 Silvergrass Dr,Mattawan,MI,49071,248100,4,2.5,2194,453,2020,1,71,42.202246,-85.802091
9/16/2020,58642 Blue Stem Cir,Mattawan,MI,49071,219945,3,2,2060,10458,2020,1,174,42.205597,-85.803899
12/4/2020,24154 Cr 375,Mattawan,MI,49071,205000,3,1.5,1540,47480,1960,61,95,42.2719002,-85.7872605
12/4/2020,9559 W P Q Ave,Mattawan,MI,49071,410000,7,3,4450,108900,1998,23,95,42.2077686,-85.7374398
11/30/2020,22485 E Mcgillen Ave,Mattawan,MI,49071,314900,5,3,2784,324958,1993,28,99,42.2147061,-85.7693207
9/25/2020,24240 W Mcgillen Ave,Mattawan,MI,49071,185000,3,2,1792,11100,2006,15,165,42.2153375,-85.7874634
10/15/2020,22225 Salisbury Dr,Mattawan,MI,49071,189000,3,1,1478,18165,1975,46,145,42.2546498,-85.7683266
12/22/2020,22075 Indian Hl,Mattawan,MI,49071,122000,2,1,1008,20972,1984,37,77,42.2387475,-85.7666257
11/17/2020,7164 Riesling St,Mattawan,MI,49071,3.00E+05,4,3,2659,32670,2002,19,112,42.2135331,-85.7341137
2/5/2021,7823 Finnagen Dr,Mattawan,MI,49071,426000,5,3,3945,26566,2001,20,32,42.2037579,-85.7191035
1/15/2021,57760 Rumshire Dr,Mattawan,MI,49071,1.00E+05,2,1.5,1008,7700,1978,43,53,42.2087775,-85.8029989
1/25/2021,59155 Ravenna Dr,Mattawan,MI,49071,220000,3,2.5,2240,12323,2017,4,43,42.2037527,-85.7996707
11/13/2020,7641 S 3rd St,Mattawan,MI,49071,425000,4,2.5,2780,435600,1978,43,116,42.2061466,-85.7325173
1/11/2021,22873 Cherry Hill Ct,Mattawan,MI,49071,485000,6,4.5,5108,121968,1996,25,57,42.1922487,-85.7742335
1/7/2021,52187 25th St,Mattawan,MI,49071,189900,4,2.5,1515,48352,1963,58,61,42.2291135,-85.7945922
2/12/2021,25865 Fountain Trl,Mattawan,MI,49071,254900,4,2.5,1822,9817,2021,0,25,42.203868,-85.803489
11/6/2020,10200 S Ave,Mattawan,MI,49071,190000,4,1,1424,42689,1953,68,123,42.172365,-85.748621
3/5/2021,59436 Silvergrass Dr,Mattawan,MI,49071,246450,3,2,1687,10393,2019,2,4,42.20332,-85.802759
1/22/2021,10925 W Q Ave,Mattawan,MI,49071,230000,3,2,3160,151589,1978,43,46,42.1964225,-85.7642928
9/25/2020,22263 County Road 375,Mattawan,MI,49071,415000,4,3,2577,387684,2007,14,165,42.2742694,-85.7684732
10/16/2020,24589 Beacon Hill Ter,Mattawan,MI,49071,202000,3,2,1796,31799,1992,29,144,42.2536096,-85.7913097
2/24/2021,8460 Brandon Cir,Mattawan,MI,49071,510000,6,4.5,5145,40172,2000,21,13,42.1999285,-85.7154956
10/21/2020,7549 S 3rd St,Mattawan,MI,49071,302500,3,1.5,1783,435600,1974,47,139,42.2076641,-85.7355517
12/10/2020,8197 Brandon Cir,Mattawan,MI,49071,620000,5,4.5,6215,21780,2003,18,89,42.198663,-85.713027
11/30/2020,8951 S 2nd St,Mattawan,MI,49071,189000,2,1,1204,99317,1860,161,99,42.1867413,-85.7402849
11/19/2020,46291 Finch St,Mattawan,MI,49071,494000,5,3.5,4326,52272,2003,18,110,42.2509315,-85.8053589
11/25/2020,58854 Blue Stem Cir,Mattawan,MI,49071,226000,3,3,2060,10678,2020,1,104,42.204833,-85.803881
10/23/2020,39811 County Road 652,Mattawan,MI,49071,180000,2,2,980,98881,1998,23,137,42.2744387,-85.803678
11/13/2020,49562 Chase Way,Mattawan,MI,49071,248500,4,2,2456,25265,2004,17,116,42.2391202,-85.7910495
9/17/2020,24357 Wren Ave,Mattawan,MI,49071,335000,4,3,3640,26950,2006,15,173,42.2414999,-85.7891593
10/8/2020,25811 Maple St,Mattawan,MI,49071,180000,3,1,1128,30492,1985,36,152,42.230799,-85.803319
9/15/2020,25581 Pleasant Dr,Mattawan,MI,49071,176000,4,1,1620,26180,1979,42,175,42.2290336,-85.8018769
12/11/2020,1425 Odell Farm Ln,Vicksburg,MI,49097,199900,4,2.5,1994,6098,2008,13,88,42.1363,-85.5583591
10/5/2020,1402 Odell Farm Ln,Vicksburg,MI,49097,224000,4,2.5,2300,7841,2014,7,155,42.1367478,-85.5575004
12/18/2020,11659 S 30th St,Vicksburg,MI,49097,180000,3,1,1592,13068,1960,61,81,42.1480548,-85.4756857
11/17/2020,1205 Gardner Pond Ln,Vicksburg,MI,49097,207000,3,2.5,2040,7405,2016,5,112,42.1381126,-85.5545958
12/4/2020,12531 Sprinkle Rd,Vicksburg,MI,49097,248000,5,2.5,3059,103237,1971,50,95,42.1358941,-85.5247314
12/16/2020,1311 Gardner Pond Ln,Vicksburg,MI,49097,198000,3,2,1743,7795,2016,5,83,42.1381394,-85.5562846
10/16/2020,1722 Burr Pond Lane Ln,Vicksburg,MI,49097,220465,3,2,1607,4130,2020,1,144,42.141054,-85.553869
9/11/2020,3614 Kathryn St,Vicksburg,MI,49097,192500,3,3,1986,13504,1978,43,179,42.1276358,-85.5457488
1/22/2021,1181 Cooley Mill Ln,Vicksburg,MI,49097,189365,3,2,1458,354,2020,1,46,42.1425933,-85.5541343
10/7/2020,1220 Ellery Grove Ct,Vicksburg,MI,49097,205000,3,2.5,2047,6098,2009,12,153,42.1375991,-85.5552195
10/13/2020,1133 Gardner Pond Ln,Vicksburg,MI,49097,215595,4,2.5,2023,9584,2020,1,147,42.1381037,-85.5538165
9/24/2020,1313 Ellery Grove Ct,Vicksburg,MI,49097,2.00E+05,5,3.5,2430,6200,2013,8,166,42.1371537,-85.5564888
9/16/2020,12925 Bayview Dr,Vicksburg,MI,49097,245000,4,1.5,2156,23958,1975,46,174,42.1299468,-85.5367797
3/3/2021,1961 W U Ave,Schoolcraft,MI,49087,215000,4,1.5,1968,87120,1959,62,6,42.1429717,-85.6128689
1/15/2021,66 Mission Dr,Vicksburg,MI,49097,225000,4,2.5,2000,19602,1964,57,53,42.1319861,-85.5896075
1/29/2021,11491 Sprinkle Rd,Vicksburg,MI,49097,180000,2,2,1700,78408,1948,73,39,42.1514394,-85.5242486
9/28/2020,1013 Trillium Blvd,Vicksburg,MI,49097,254000,3,3,1968,12110,2002,19,162,42.1295401,-85.5511376
11/4/2020,321 S Michigan Ave,Vicksburg,MI,49097,159000,3,1.5,1375,5663,1912,109,125,42.1167182,-85.5335617
9/25/2020,14947 N Barton Lake Dr,Vicksburg,MI,49097,490000,4,2,2732,12632,1940,81,165,42.0999497,-85.5659509
2/26/2021,6025 E Z Ave,Vicksburg,MI,49097,5.00E+05,3,3,2175,821106,2018,3,11,42.0767118,-85.5087162
1/6/2021,750 Best St,Vicksburg,MI,49097,180207,3,2,1216,14375,2013,8,62,42.1110765,-85.5252746
11/13/2020,127 North St,Vicksburg,MI,49097,319900,2,2,1430,18000,2018,3,116,42.1240846,-85.5309178
11/19/2020,1184 Cooley Mill Ln,Vicksburg,MI,49097,198882,3,2,1735,6033,2020,1,110,42.142906,-85.553122
11/25/2020,1713 Burr Pond Ln,Vicksburg,MI,49097,215600,4,2.5,1830,6051,2020,1,104,42.14146,-85.553798
2/19/2021,1220 Gardner Pond Ln,Vicksburg,MI,49097,145000,2,1,1131,5976,2008,13,18,42.1385952,-85.5551185
12/28/2020,502 W Prairie St,Vicksburg,MI,49097,181000,4,2,1631,17424,1910,111,71,42.1217187,-85.5412444
9/30/2020,1108 Zachary St,Vicksburg,MI,49097,275000,5,3,3200,15246,2005,16,160,42.1303382,-85.5463722
11/3/2020,37 E Vw Ave,Vicksburg,MI,49097,213000,3,2,2556,46609,1960,61,126,42.1217174,-85.5882423
10/16/2020,1224 Gardner Pond Ln,Vicksburg,MI,49097,188000,4,2,2016,5663,2009,12,144,42.1386215,-85.5552995
10/23/2020,4237 Poplar Ln,Vicksburg,MI,49097,549900,4,3,3506,57020,1968,53,137,42.0904828,-85.5365585
2/26/2021,14579 Cb Macdonald Way,Vicksburg,MI,49097,499900,6,5.5,4225,30492,2006,15,11,42.1059147,-85.558324
10/30/2020,1193 Cooley Mill Ln,Vicksburg,MI,49097,218745,3,2,2060,11859,2020,1,130,42.140077,-85.5541
11/6/2020,1519 Ives Mill Ln,Vicksburg,MI,49097,239000,4,3,3045,7405,2012,9,123,42.1372708,-85.5537514
2/12/2021,10645 S 27th St,Vicksburg,MI,49097,227000,3,3,2184,88427,1987,34,25,42.1626546,-85.4997814
12/18/2020,14276 Cb Macdonald Way,Vicksburg,MI,49097,429900,4,2.5,2416,27007,2019,2,81,42.1096989,-85.5567696
12/30/2020,3430 E V Ave,Vicksburg,MI,49097,150000,3,1,1606,14375,1964,57,69,42.128476,-85.5460505
10/23/2020,1206 Odell Farm Ln,Vicksburg,MI,49097,2.00E+05,3,2.5,2090,7405,2007,14,137,42.1366854,-85.5545556
10/29/2020,14180 C.b.macdonald Way,Vicksburg,MI,49097,445900,4,3.5,2515,29621,2020,1,131,42.1114396,-85.5566787
10/1/2020,756 Hamilton St,Vicksburg,MI,49097,149900,2,2,1008,6970,2000,21,159,42.1112143,-85.5263407
1/28/2021,1170 Cooley Mill Ln,Vicksburg,MI,49097,219900,3,2,1735,6018,2020,1,40,42.143196,-85.554838
12/9/2020,515 State St,Vicksburg,MI,49097,142000,2,1,1008,8712,1980,41,90,42.1210737,-85.5256366
9/11/2020,5313 E S Ave,Vicksburg,MI,49097,159900,2,1,1034,51400,1960,61,179,42.1722417,-85.5239066
1/20/2021,1225 Gardner Pond Ln,Vicksburg,MI,49097,220000,3,2.5,2060,7841,2015,6,48,42.1380729,-85.5555
9/11/2020,1647 Harper Grove Lane Ln,Vicksburg,MI,49097,232000,4,3.5,2300,11000,2012,9,179,42.140338,-85.5503736
9/14/2020,15714 Poplar Ln,Vicksburg,MI,49097,355000,4,2,2580,48787,1962,59,176,42.0892331,-85.5361563
10/9/2020,5593 E Tu Ave,Vicksburg,MI,49097,296000,3,2,2100,435600,1979,42,151,42.1528404,-85.5177851
9/24/2020,10825 S 34th St,Vicksburg,MI,49097,199900,3,1,1829,108900,1986,35,166,42.1603957,-85.4308273
2/5/2021,1300 Odell Farm Ln,Vicksburg,MI,49097,189900,3,2,1685,7841,2007,14,32,42.1367044,-85.5560433
11/29/2020,1190 Cooley Mill Ln,Vicksburg,MI,49097,201865,3,2,2060,6034,2020,1,100,42.1425933,-85.5541343
12/17/2020,7714 E V Ave,Vicksburg,MI,49097,260000,4,3.5,2577,1524600,2003,18,82,42.128194,-85.47215
9/18/2020,13329 S 32nd St,Vicksburg,MI,49097,165000,3,2,1562,131116,2011,10,172,42.1251064,-85.4506727
11/11/2020,12598 S 36th St,Vicksburg,MI,49097,167100,3,1,966,734857,1975,46,118,42.135188,-85.4145536
10/15/2020,1640 Ives Mill Ln,Vicksburg,MI,49097,195000,3,2,1458,6730,2019,2,145,42.139994,-85.5543281
10/19/2020,1644 Harper Grove Ln,Vicksburg,MI,49097,203000,3,2.5,2040,12632,2012,9,141,42.1402489,-85.5510572
2/26/2021,1719 Burr Pond Ln,Vicksburg,MI,49097,269235,5,3.5,2818,5385,2020,1,11,42.141407,-85.553692
12/30/2020,13300 Park West Blvd,Vicksburg,MI,49097,215000,3,2,1342,1524600,2001,20,69,42.1242883,-85.5613306
12/21/2020,13782 36th St S,Vicksburg,MI,49097,164900,3,1,1008,135036,1998,23,78,42.118377,-85.4122647
12/18/2020,520 Rose St,Vicksburg,MI,49097,149900,3,1,1200,9240,1965,56,81,42.1232965,-85.5253148
12/14/2020,1722 Grovenberg Ct,Vicksburg,MI,49097,209900,4,2.5,2622,7405,2011,10,85,42.1417838,-85.5508963
12/30/2020,169 N Kalamazoo St,Vicksburg,MI,49097,145000,2,1,1551,20473,1880,141,69,42.122467,-85.531378
1/29/2021,8514 E Yz Ave,Vicksburg,MI,49097,204000,3,2,1945,172933,1951,70,39,42.0765258,-85.4590373
12/15/2020,8100 E Yz Ave,Vicksburg,MI,49097,4.00E+05,3,4,4000,217800,1968,53,84,42.0776146,-85.4680794
11/6/2020,10600 S 33rd St,Vicksburg,MI,49097,226300,3,2.5,1910,174240,1977,44,123,42.1637302,-85.4474093
10/28/2020,13841 S 28th St,Vicksburg,MI,49097,306000,3,4,2100,130680,2004,17,132,42.1165608,-85.4895566
12/10/2020,1112 Gardner Pond Ln,Vicksburg,MI,49097,260500,4,2.5,3453,13000,2008,13,89,42.1385896,-85.5524847
1/26/2021,1734 Burr Pond Ln,Vicksburg,MI,49097,189245,3,2,1458,354,2020,1,42,42.141221,-85.554089
#N/A,1623 Ives Mill Ln,Vicksburg,MI,49097,240000,5,3.5,2366,8700,2019,2,NA,42.1391721,-85.5538755
2/10/2021,901 Anderson Dr,Vicksburg,MI,49097,2.00E+05,3,2.5,1800,9147,2006,15,27,42.1344187,-85.5477596
2/3/2021,1319 Odell Farm Ln,Vicksburg,MI,49097,177000,4,3,2136,6300,2008,13,34,42.1362747,-85.5568877
12/31/2020,1742 Burr Pond Ln,Vicksburg,MI,49097,221005,3,2.5,1517,8582,2020,1,68,42.142119,-85.554357
1/15/2021,1012 Odell Farm Ln,Vicksburg,MI,49097,215000,3,2.5,2047,6969,2010,11,53,42.1366904,-85.5511979
11/19/2020,1635 Harper Grove Ln,Vicksburg,MI,49097,210000,4,2.5,2300,6970,2012,9,110,42.1397955,-85.5502931
10/30/2020,13787 S 28th St,Vicksburg,MI,49097,584500,4,3,4654,131987,2006,15,130,42.1177171,-85.4895566
10/15/2020,6700 Hayward Dr,Vicksburg,MI,49097,570000,4,3.5,3753,17424,1990,31,145,42.1374936,-85.4963964
2/10/2021,901 Anderson Dr,Vicksburg,MI,49097,2.00E+05,3,2.5,1800,9148,2006,15,27,42.134409,-85.547751
1/13/2021,1725 Burr Pond Ln,Vicksburg,MI,49097,220675,3,2.5,1517,7222,2020,1,55,42.141935,-85.553678
12/31/2020,4384 Peninsular Dr,Vicksburg,MI,49097,272900,5,2,2300,13939,1979,42,68,42.1317262,-85.5349696
2/25/2021,5111 E S Ave,Vicksburg,MI,49097,110000,2,2,1272,12632,1993,28,12,42.1723031,-85.5284528
1/11/2021,210 S Main St,Vicksburg,MI,49097,119900,3,2,1300,5227,1910,111,57,42.1183042,-85.532717
10/23/2020,1405 Gardner Pond Ln,Vicksburg,MI,49097,220000,3,2,2060,5889,2017,4,137,42.1381185,-85.5577132
12/28/2020,1677 Burr Pond Ln,Vicksburg,MI,49097,225000,4,2.5,1822,6447,2020,1,71,42.141097,-85.553466
3/5/2021,16166 S 24th St,Vicksburg,MI,49097,350000,4,2.5,2370,71874,1880,141,4,42.0823691,-85.5298772
10/14/2020,16389 S 24th St,Vicksburg,MI,49097,165000,3,1.5,1560,20038,1957,64,146,42.079484,-85.5289356
10/12/2020,1414 Odell Farm Ln,Vicksburg,MI,49097,206000,4,2.5,2564,5874,2008,13,148,42.1367267,-85.5581141
9/28/2020,1624 Ives Mill Ln,Vicksburg,MI,49097,220000,3,2.5,1576,6475,2019,2,162,42.139359,-85.5543141
9/28/2020,13623 E Tremblay Dr,Vicksburg,MI,49097,143000,3,1.5,1330,15682,1960,61,162,42.1196017,-85.5617326
9/21/2020,1232 Ellery Grove Ct,Vicksburg,MI,49097,215000,4,2.5,2170,6098,2012,9,169,42.1376773,-85.5557599
9/28/2020,1198 Cooley Mill Ln,Vicksburg,MI,49097,280515,3,2,1687,9015,2020,1,162,42.1425933,-85.5541343
9/28/2020,12926 S 18th St,Vicksburg,MI,49097,133500,3,1,1032,11326,1955,66,162,42.1293024,-85.5889645
9/18/2020,108 W Maple St,Vicksburg,MI,49097,160000,3,1.5,2121,7841,1904,117,172,42.1178495,-85.5329181
11/6/2020,11750 S 30th St,Vicksburg,MI,49097,226000,3,2,1427,43560,1997,24,123,42.1474749,-85.4766119
9/18/2020,115 E Xy Ave,Vicksburg,MI,49097,155000,3,2,1352,131987,1992,29,172,42.0924339,-85.5865936
10/20/2020,246 E Xy Ave,Vicksburg,MI,49097,216500,3,2,2040,62291,2012,9,140,42.0914899,-85.5851067
11/9/2020,9659 S 2nd St,Mattawan,MI,49071,205000,3,2,1216,263974,1900,121,120,42.1771193,-85.7380957
11/6/2020,8701 W W Ave,Schoolcraft,MI,49087,310000,4,3,3535,261360,1978,43,123,42.1121786,-85.7191423
11/9/2020,9150 Alidor Rd,Schoolcraft,MI,49087,160000,3,1,1500,14810,1960,61,120,42.184523,-85.6522576
9/30/2020,16413 Prairie Brook Rd,Schoolcraft,MI,49087,265000,4,3,2622,13504,1996,25,160,42.0787158,-85.6579361
12/2/2020,22101 80th Ave,Schoolcraft,MI,49087,205000,3,1,1260,217800,1920,101,97,42.1271554,-85.7648898
10/30/2020,6778 W Xy Ave,Schoolcraft,MI,49087,171000,3,2,1815,217800,1930,91,130,42.0928778,-85.6809927
10/8/2020,16007 Prairie Ronde Rd,Schoolcraft,MI,49087,280000,4,2.5,3245,30056,1992,29,152,42.0847299,-85.6608061
1/27/2021,611 Ashery Dr,Schoolcraft,MI,49087,249000,4,2,2060,12197,1972,49,41,42.1132814,-85.6449121
3/2/2021,532 West St,Schoolcraft,MI,49087,213000,3,2,1740,14810,1968,53,7,42.121286,-85.6409917
9/21/2020,7221 W Vw Ave,Schoolcraft,MI,49087,308700,4,2,2575,231304,1973,48,169,42.1201548,-85.6906685
10/15/2020,13285 S 14th St,Schoolcraft,MI,49087,235000,3,2.5,2058,27443,1992,29,145,42.1241131,-85.6271462
12/14/2020,203 Lincoln St,Schoolcraft,MI,49087,160000,3,1,1288,10890,1880,141,85,42.1208693,-85.636146
12/11/2020,11784 Blue Ridge Dr,Schoolcraft,MI,49087,267000,3,3,2528,20909,1998,23,88,42.1462715,-85.6178998
10/19/2020,5133 W R Ave,Schoolcraft,MI,49087,111000,2,1,930,13000,1959,62,141,42.1862195,-85.6502909
11/6/2020,203 E Eliza St,Schoolcraft,MI,49087,173000,3,2,2568,21780,1880,141,123,42.1144498,-85.6354531
9/29/2020,11013 Higley Cir E,Schoolcraft,MI,49087,440000,3,2,2232,41000,1972,49,161,42.1572664,-85.6324562
10/30/2020,11176 Higley Cir W,Schoolcraft,MI,49087,470000,3,2.5,3668,50094,1987,34,130,42.1548291,-85.6349157
9/24/2020,214 N Centre St,Schoolcraft,MI,49087,75686,2,1,1221,12632,1965,56,166,42.1154985,-85.639332
2/19/2021,15784 Prairie Ronde Rd,Schoolcraft,MI,49087,636000,4,3.5,6134,30492,1997,24,18,42.0878751,-85.6639161
11/17/2020,93110 22nd St,Schoolcraft,MI,49087,158500,3,1,1050,43560,1930,91,112,42.0792282,-85.7636006
11/13/2020,210 Lincoln St,Schoolcraft,MI,49087,128000,2,1,832,8712,1950,71,116,42.120387,-85.6359362
10/20/2020,16000 Prairie Ronde Rd,Schoolcraft,MI,49087,278000,3,3.5,3056,27007,1992,29,140,42.0817577,-85.6578899
9/30/2020,11971 Heron St,Schoolcraft,MI,49087,325000,3,2,1525,26572,2020,1,160,42.1436326,-85.6185335
10/2/2020,14306 S 6th St,Schoolcraft,MI,49087,288500,3,2,2238,217800,1979,42,158,42.1091831,-85.7110931
10/5/2020,134 S Robinson St,Schoolcraft,MI,49087,165000,3,2,1682,14949,1890,131,155,42.1130621,-85.6360801
10/2/2020,11812 Blue Ridge Dr,Schoolcraft,MI,49087,290000,4,2.5,2728,20038,2003,18,158,42.1460312,-85.6178292
12/15/2020,501 Birch,Schoolcraft,MI,49087,250000,4,4,2648,19140,1978,43,84,42.1198954,-85.6257005
9/18/2020,16194 Prairie Ronde Rd,Schoolcraft,MI,49087,299612,2,2,2075,35458,1991,30,172,42.0817445,-85.6583581
9/24/2020,8798 W Xy Ave,Schoolcraft,MI,49087,295000,3,3,1763,217800,1998,23,166,42.0914826,-85.7192514
2/10/2021,2300 W Vw Ave,Schoolcraft,MI,49087,239900,3,2,1120,146362,1977,44,27,42.1217621,-85.6165239
1/28/2021,22635 80th Ave,Schoolcraft,MI,49087,5.00E+05,3,2.5,2276,1820808,2012,9,40,42.1271628,-85.7700743
12/11/2020,7020 W Xy Ave Ave,Schoolcraft,MI,49087,122000,4,1,1925,87120,1870,151,88,42.0927871,-85.6853905
9/14/2020,16025 Praire Ronde Rd,Schoolcraft,MI,49087,357000,3,2.5,3080,28750,1991,30,176,42.0843537,-85.6605452
1/29/2021,303 S Cedar St,Schoolcraft,MI,49087,210000,3,2,1513,16117,1900,121,39,42.111877,-85.6343135
10/16/2020,16379 Prairie Ronde Rd,Schoolcraft,MI,49087,270000,3,3.5,2734,14810,1993,28,144,42.0792377,-85.6553079
2/19/2021,128 Lovell St,Schoolcraft,MI,49087,112000,2,1,1036,19166,1880,141,18,42.111192,-85.6382245
12/11/2020,11612 Prairie Edge St,Schoolcraft,MI,49087,375000,3,2.5,2975,30288,2020,1,88,42.1490769,-85.6226749
10/23/2020,11749 Heron St,Schoolcraft,MI,49087,275000,4,3,1750,23958,2006,15,137,42.1469124,-85.6187128
1/28/2021,9229 W S Ave,Schoolcraft,MI,49087,650000,4,3,2732,794970,2016,5,40,42.169987,-85.731975
1/20/2021,11615 Heron St,Schoolcraft,MI,49087,435000,4,2.5,2400,20000,2020,1,48,42.1488509,-85.6186437
10/30/2020,660 Ashery Dr,Schoolcraft,MI,49087,285500,3,2.5,2575,21780,1992,29,130,42.1138145,-85.6457551
10/9/2020,323 S Cedar St,Schoolcraft,MI,49087,90050,4,2,2371,8031,1880,141,151,42.1112394,-85.6342727
3/4/2021,641 B & L Dr,Schoolcraft,MI,49087,125000,3,1,1300,21780,1970,51,5,42.1171424,-85.6278087
11/24/2020,324 N Hayward St,Schoolcraft,MI,49087,145000,3,1,1119,5881,1864,157,105,42.1176208,-85.6378734
12/9/2020,121 N Centre,Schoolcraft,MI,49087,187200,3,1.5,2239,18295,1950,71,90,42.1149847,-85.6400145
3/4/2021,641 B & L Dr,Schoolcraft,MI,49087,125000,3,1,1700,21780,1970,51,5,42.1171412,-85.6278263
10/13/2020,9321 Alidor Rd,Schoolcraft,MI,49087,230000,5,2,2462,15333,1989,32,147,42.1821287,-85.6515552
12/22/2020,2384 W U Ave,Schoolcraft,MI,49087,167000,3,1,1040,62700,1968,53,77,42.1438875,-85.6179397
10/30/2020,115 S Cedar St,Schoolcraft,MI,49087,146000,3,1,1388,8712,1890,131,130,42.1135763,-85.6343938
10/7/2020,15915 Indian Valley St,Schoolcraft,MI,49087,449000,5,3.5,3782,76230,1997,24,153,42.0858936,-85.6645581
1/22/2021,11124 Higley Cir W,Schoolcraft,MI,49087,387500,3,2,2056,20970,1977,44,46,42.155564,-85.634996
11/24/2020,32964 Mackaprang St,Paw Paw,MI,49079,216500,4,2,2567,32670,1997,24,105,42.29935,-85.872331
1/22/2021,42861 Cr 653,Paw Paw,MI,49079,165000,3,1.5,1230,67842,1980,41,46,42.2625323,-85.832776
2/5/2021,54045 Ridgeview Cir,Paw Paw,MI,49079,250000,3,2.5,2508,26751,1999,22,32,42.2222644,-85.8368458
10/20/2020,30739 E Red Arrow Hwy,Paw Paw,MI,49079,142000,2,1,1080,113256,1912,109,140,42.223514,-85.850121
11/24/2020,28345 S Kristina Cir,Paw Paw,MI,49079,264000,4,3,2505,23762,2006,15,105,42.2046212,-85.8269726
10/20/2020,38442 W Red Arrow,Paw Paw,MI,49079,340000,6,3,2016,78408,1890,131,140,42.2143283,-85.9218581
12/21/2020,38866 Paw Paw Rd,Paw Paw,MI,49079,149000,5,2,1720,36050,2004,17,78,42.1905763,-85.9257233
11/30/2020,58376 Kristina Cir E,Paw Paw,MI,49079,222000,4,2,1644,27300,1996,25,99,42.2065147,-85.8259655
11/20/2020,29742 40th Ave,Paw Paw,MI,49079,205000,3,2,1458,103337,1950,71,109,42.2740848,-85.8415252
9/14/2020,51721 Rebecca Dr,Paw Paw,MI,49079,331500,5,3,3340,32234,2005,16,176,42.2309735,-85.8462642
12/8/2020,27310 Birmingham Ct,Paw Paw,MI,49079,280000,5,3,2450,30492,2003,18,91,42.2255586,-85.8173637
12/8/2020,601 Pine St,Paw Paw,MI,49079,105000,3,1,1077,871,1931,90,91,42.220191,-85.8839809
12/18/2020,39017 Paw Paw Rd,Paw Paw,MI,49079,335000,5,3,3300,326700,1966,55,81,42.1874917,-85.927432
10/19/2020,32640 Co Rd 665,Paw Paw,MI,49079,1.00E+05,0,1.5,6084,21780,1880,141,141,42.3003352,-85.9567787
12/28/2020,36399 Valley Dr,Paw Paw,MI,49079,297000,4,3,4069,17424,1992,29,71,42.243534,-85.9022474
2/8/2021,47897 Cr 665,Paw Paw,MI,49079,99000,4,1.5,2176,43560,1900,121,29,42.2451893,-85.8977256
1/8/2021,47208 Cr 653,Paw Paw,MI,49079,425000,5,3,3600,181210,1989,32,60,42.2475498,-85.8629053
10/16/2020,30639 Mission Ave,Paw Paw,MI,49079,255410,3,2.5,1861,37590,2020,1,144,42.2329599,-85.8493151
2/18/2021,27420 Birmingham Ct,Paw Paw,MI,49079,250000,3,3,2317,30492,2002,19,19,42.2255609,-85.8184841
1/13/2021,53990 30th St,Paw Paw,MI,49079,250000,4,3,2320,30492,2003,18,55,42.2224974,-85.8432849
10/30/2020,27821 Manchester Cir,Paw Paw,MI,49079,237500,4,2.5,2571,28314,2002,19,130,42.2267473,-85.8214848
1/7/2021,52406 Cr 665,Paw Paw,MI,49079,160000,3,2,1229,30492,2020,1,61,42.2483366,-85.8981094
12/23/2020,35403 Riverview Dr,Paw Paw,MI,49079,207500,4,2.5,2204,14375,1988,33,76,42.2480095,-85.8926916
2/8/2021,35815 44th Ave,Paw Paw,MI,49079,219900,3,2.5,1822,696960,1993,28,29,42.2562568,-85.8962746
2/22/2021,206 S Liberty St,Paw Paw,MI,49079,67500,2,1.5,992,17476,1920,101,15,42.2161456,-85.880624
3/2/2021,728 N Kalamazoo St,Paw Paw,MI,49079,220000,3,1.5,2327,26136,1955,66,7,42.2265534,-85.8875772
3/5/2021,51976 County Road 653,Paw Paw,MI,49079,375000,3,2,1396,435600,1949,72,4,42.2300407,-85.8627529
2/18/2021,57480 36 1/2 St,Paw Paw,MI,49079,174500,3,2,1248,43560,1984,37,19,42.2097369,-85.9037577
9/23/2020,47240 My Dream Ave,Paw Paw,MI,49079,217000,3,2.5,2400,12632,1980,41,167,42.2475929,-85.8789056
9/16/2020,30778 Packard St,Paw Paw,MI,49079,303490,2,2,1651,30800,2020,1,174,42.2367401,-85.850616
9/25/2020,35499 51st Ave,Paw Paw,MI,49079,545000,5,2.5,2924,156816,1994,27,165,42.2346063,-85.8938303
10/2/2020,307 S Lagrave St,Paw Paw,MI,49079,120000,2,1,972,8800,1955,66,158,42.2152158,-85.8874374
9/10/2020,625 Lakeview Rd,Paw Paw,MI,49079,159900,3,1,2400,26136,1964,57,180,42.2198684,-85.9061944
11/16/2020,212 N Niles St,Paw Paw,MI,49079,229000,5,2,3031,8780,1874,147,113,42.2192039,-85.8886561
12/29/2020,35290 Cr 358,Paw Paw,MI,49079,257500,4,2,1746,121000,1958,63,70,42.1719385,-85.8895152
10/29/2020,44601 46th Ave,Paw Paw,MI,49079,115000,3,1,1000,39204,1987,34,131,42.2495907,-85.9820324
2/8/2021,40559 47th Ave,Paw Paw,MI,49079,185000,3,2,1644,257004,1994,27,29,42.2465788,-85.9427044
9/14/2020,30470 Cr 665,Paw Paw,MI,49079,172000,3,2,1567,666468,1910,111,176,42.3079098,-85.9588416
11/25/2020,36722 39th Ave,Paw Paw,MI,49079,289900,4,2,1455,949608,1900,121,104,42.27739,-85.9034452
12/21/2020,48862 Michigan Ave,Paw Paw,MI,49079,113000,2,1,875,4000,1935,86,78,42.2413881,-85.9097892
10/23/2020,708 Marcelletti Ave,Paw Paw,MI,49079,120000,3,2,1456,13068,1997,24,137,42.2238442,-85.8786334
2/16/2021,314 Elm St,Paw Paw,MI,49079,135000,4,2,1800,8712,1950,71,21,42.2191412,-85.8879768
1/13/2021,34096 32nd St,Paw Paw,MI,49079,132000,3,3,2079,104544,1972,49,55,42.295197,-85.8636968
10/16/2020,50555 Chardonnay St,Paw Paw,MI,49079,225000,3,2.5,2020,29229,2008,13,144,42.2353709,-85.8679341
10/28/2020,33250 Bernice Ave,Paw Paw,MI,49079,168000,3,2,1335,26136,1970,51,132,42.2239105,-85.8750289
9/14/2020,52705 35 1/2 St,Paw Paw,MI,49079,83000,2,1,520,8000,1952,69,176,42.2276849,-85.8930657
11/6/2020,501 W North St,Paw Paw,MI,49079,135000,3,1,1408,8712,1967,54,123,42.222243,-85.9026392
10/28/2020,54213 Maplewood Ct,Paw Paw,MI,49079,238000,3,2.5,2426,25265,2001,20,132,42.2213512,-85.8350059
9/11/2020,310 Birch Ln,Paw Paw,MI,49079,179900,4,2,2100,14810,1956,65,179,42.2253619,-85.8865383
11/25/2020,632 E Paw Paw St,Paw Paw,MI,49079,140000,3,2,1330,10019,1950,71,104,42.2159748,-85.8823025
10/30/2020,405 Charles St,Paw Paw,MI,49079,234900,4,2,2074,11205,1979,42,130,42.2210515,-85.9026792
12/11/2020,410 N Miller St,Paw Paw,MI,49079,164000,4,2,1700,10836,1961,60,88,42.2210929,-85.8995233
12/21/2020,28440 37th St,Paw Paw,MI,49079,235000,3,2,2840,78408,1970,51,78,42.3141881,-85.9077473
10/13/2020,30861 Mission Ave,Paw Paw,MI,49079,235812,3,2,2174,40752,2020,1,147,42.232914,-85.8513322
9/15/2020,701 Hazen St,Paw Paw,MI,49079,90000,2,1,1200,43560,1933,88,175,42.2238628,-85.8981517
10/13/2020,30861 Mission Ave,Paw Paw,MI,49079,235812,3,2,1182,40946,2020,1,147,42.233377,-85.851556
9/28/2020,54606 Ridgeview Cir,Paw Paw,MI,49079,190000,3,2,1806,26136,2000,21,162,42.2202097,-85.8374858
11/2/2020,53882 30th St,Paw Paw,MI,49079,260000,3,2,1344,30000,2020,1,127,42.2228485,-85.8434256
9/21/2020,50333 Carino Ct,Paw Paw,MI,49079,149000,3,2,1352,43560,1997,24,169,42.2362205,-85.8910934
11/24/2020,43021 Cr 653,Paw Paw,MI,49079,174900,3,2,1511,87120,1970,51,105,42.2623138,-85.8349659
1/15/2021,42701 Cr 653,Paw Paw,MI,49079,580000,6,3.5,4272,1415700,1972,49,53,42.2608778,-85.8278034
11/6/2020,117 N Gremps St,Paw Paw,MI,49079,220000,5,3,2875,17424,1961,60,123,42.2186642,-85.8933952
11/13/2020,33169 Thelma Ave,Paw Paw,MI,49079,166500,2,1,1008,10080,1985,36,116,42.2245273,-85.8739897
1/25/2021,108 S Liberty St,Paw Paw,MI,49079,76000,3,1,1096,8831,1900,121,43,42.2168426,-85.8807439
11/17/2020,36161 Valley Dr,Paw Paw,MI,49079,192000,4,2,2371,26136,1976,45,112,42.2434998,-85.8999628
2/19/2021,48384 Michigan Ave,Paw Paw,MI,49079,265000,3,2.5,1434,283140,2008,13,18,42.244204,-85.910921
10/23/2020,41521 Waukeenah Dr,Paw Paw,MI,49079,162000,2,1,864,56628,1960,61,137,42.2936269,-85.9517903
12/10/2020,43535 Carla Dr,Paw Paw,MI,49079,1410333,5,3.5,6600,104544,1989,32,89,42.171853,-85.9709323
10/19/2020,213 Drew St,Paw Paw,MI,49079,89900,2,1,520,7841,1911,110,141,42.2224811,-85.8894395
2/3/2021,213 N Lagrave St,Paw Paw,MI,49079,70000,4,2,2065,8873,1874,147,34,42.2191254,-85.8875373
12/16/2020,53895 Meadow View Ln,Paw Paw,MI,49079,230000,4,2,2000,28532,1999,22,83,42.2229143,-85.8346059
9/10/2020,606 Lake Blvd,Paw Paw,MI,49079,111500,2,1,825,8052,1952,69,180,42.2131295,-85.8963709
12/31/2020,49040 33rd St,Paw Paw,MI,49079,3.00E+05,4,3,2514,60984,2003,18,68,42.241027,-85.8727906
2/12/2021,47440 Klett Rd,Paw Paw,MI,49079,170000,3,1.5,1454,30056,1966,55,25,42.2469428,-85.8951288
12/16/2020,615 E Berrien St,Paw Paw,MI,49079,95000,2,1,1516,8712,1945,76,83,42.2146851,-85.8839009
9/30/2020,806 S Lagrave St,Paw Paw,MI,49079,125000,3,1.5,2850,19602,1955,66,160,42.2102152,-85.885899
2/26/2021,34235 Hillside Dr,Paw Paw,MI,49079,265000,2,1.5,1160,7405,1950,71,11,42.2343198,-85.8809837
11/6/2020,51307 Willis St,Paw Paw,MI,49079,302625,3,2.5,2248,29955,2020,1,123,42.2324112,-85.8507944
9/11/2020,37043 Hillside Dr,Paw Paw,MI,49079,275000,3,2.5,2464,13068,2009,12,179,42.2392169,-85.9087707
9/29/2020,44107 Paw Paw Rd,Paw Paw,MI,49079,298500,3,3.5,3872,108900,1991,30,161,42.176865,-85.975792
9/29/2020,44084 County Road 358,Paw Paw,MI,49079,296000,4,2.5,2640,226512,1997,24,161,42.1653519,-85.9760389
1/4/2021,49477 44th St,Paw Paw,MI,49079,160000,2,1,2060,87120,1889,132,64,42.2388886,-85.9739612
10/14/2020,63901 41st St,Paw Paw,MI,49079,230000,3,2,2282,65340,1917,104,146,42.1865179,-85.9503536
10/8/2020,36066 Valley Dr,Paw Paw,MI,49079,285000,5,3,2638,65340,1975,46,152,42.2444671,-85.8990439
#N/A,414 N Brown St,Paw Paw,MI,49079,119000,2,1,950,8509,1946,75,NA,42.2208026,-85.8849399
9/16/2020,730 N Kalamazoo St,Paw Paw,MI,49079,215000,5,3,3044,20473,1978,43,174,42.2268526,-85.8873375
1/29/2021,41737 N Park St,Paw Paw,MI,49079,114174,3,2,1440,17424,1972,49,39,42.1973659,-85.9533467
9/11/2020,219 N Gremps St,Paw Paw,MI,49079,239000,4,2.5,2544,13068,1901,120,179,42.2188765,-85.8929513
1/14/2021,38618 47th Ave,Paw Paw,MI,49079,1100000,6,2,2400,6438168,1950,71,54,42.2405071,-85.9232046
12/11/2020,8848 N 24th St,Kalamazoo,MI,49004,419900,3,2.5,2358,239580,2007,14,88,42.38878,-85.5301527
12/30/2020,8180 Silverado Ln,Richland,MI,49083,259500,4,2.5,2052,13068,2015,6,69,42.3735868,-85.4711753
1/22/2021,1309 W Gull Lake Dr,Richland,MI,49083,625000,3,1,1290,39204,1940,81,46,42.3790535,-85.4038763
12/10/2020,12065 E D Ave,Richland,MI,49083,210000,3,3,1964,31363,1969,52,89,42.3753869,-85.3947473
2/26/2021,307 S Gull Lake Dr,Richland,MI,49083,6.00E+05,3,2,2140,13000,1949,72,11,42.3763432,-85.3929497
9/16/2020,2215 Idlewild Dr,Richland,MI,49083,2100000,5,5,4602,156816,1924,97,174,42.389711,-85.415011
9/14/2020,6405 East Bay Ln,Richland,MI,49083,738000,5,4,5813,43560,2005,16,176,42.3530258,-85.5000229
10/23/2020,6854 Wild Plum Rdg,Richland,MI,49083,620000,6,4.5,4554,29447,2011,10,137,42.3529085,-85.4965411
12/23/2020,279 S Gull Lake Dr,Richland,MI,49083,877000,4,3,2830,8712,1962,59,76,42.3756517,-85.3934906
11/24/2020,6990 Railway Ct,Richland,MI,49083,485000,5,3.5,4250,9200,2008,13,105,42.361773,-85.396541
12/23/2020,6813 Walden Park Ln,Richland,MI,49083,460000,4,4.5,5250,26136,1998,23,76,42.3492441,-85.4975273
11/30/2020,8141 Hemel Ln,Richland,MI,49083,265000,4,3,2620,13068,2015,6,99,42.373255,-85.4720009
12/16/2020,1485 Shoal Ave,Richland,MI,49083,675000,3,3,3758,69696,1993,28,83,42.3823367,-85.4051887
11/23/2020,8108 W Sturtevant Ave,Richland,MI,49083,247800,4,2.5,1822,7227,2020,1,106,42.3889854,-85.4720189
12/18/2020,8111 W Sturtevant Ave,Richland,MI,49083,249000,3,2,2060,6668,2020,1,81,42.387868,-85.471704
9/18/2020,8167 Lausen Ln,Richland,MI,49083,371655,5,3.5,3606,8450,2020,1,172,42.3890846,-85.4700872
10/23/2020,8331 Hemel Ln,Richland,MI,49083,229800,3,2,1558,15190,1998,23,137,42.3733557,-85.4682354
10/23/2020,8369 Bluebird Ave,Richland,MI,49083,198000,4,2,1940,15246,1963,58,137,42.3712942,-85.4675104
9/11/2020,8655 E De Ave,Richland,MI,49083,165000,3,1.5,1468,16553,1957,64,179,42.3692031,-85.4621535
12/9/2020,9380 Marshwood Dr,Richland,MI,49083,710000,5,4.5,6200,52272,2005,16,90,42.3496451,-85.4473488
9/18/2020,6085 Bethany Cir,Richland,MI,49083,450000,5,4.5,5609,43560,2000,21,172,42.3481674,-85.4955146
10/2/2020,6482 Whitney Woods,Richland,MI,49083,431000,4,2.5,4183,37157,1996,25,158,42.3542083,-85.5067042
1/29/2021,6802 Walden Park Ln,Richland,MI,49083,445000,4,3.5,3920,39160,1998,23,39,42.3483136,-85.4972858
11/2/2020,8092 Sturtevant Ave,Richland,MI,49083,245700,4,2.5,1830,7976,2020,1,127,42.388057,-85.472178
9/22/2020,7604 Foxwood St,Richland,MI,49083,185000,3,2,2365,15246,1963,58,168,42.370428,-85.4651592
12/29/2020,7753 Cottonwood,Richland,MI,49083,240000,3,2,1568,15507,1993,28,70,42.372617,-85.4779145
3/5/2021,8142 W Sturtevant Ave,Richland,MI,49083,249900,3,2,2060,7318,2020,1,4,42.3889854,-85.4720189
12/30/2020,10921 E De Ave,Richland,MI,49083,387300,4,3.5,2890,100188,1997,24,69,42.3694199,-85.4173847
10/28/2020,6310 N 32nd St,Richland,MI,49083,362000,4,2.5,1644,108900,2015,6,132,42.3517351,-85.4540971
10/1/2020,8499 Ef Ave E,Richland,MI,49083,207500,3,2,3342,119354,1875,146,159,42.354752,-85.4644091
11/23/2020,8124 W Sturtevant Dr,Richland,MI,49083,257815,4,2.5,1830,7211,2020,1,106,42.387807,-85.472255
11/16/2020,7843 N 32nd St,Richland,MI,49083,142500,4,1.5,2804,95396,1950,71,113,42.3739252,-85.4558219
10/13/2020,9862 E Cd Ave,Richland,MI,49083,285000,4,3,2272,43560,1974,47,147,42.3831713,-85.4381417
11/19/2020,8147 Engelwood Ave,Richland,MI,49083,299900,4,3.5,3194,13068,2012,9,110,42.375013,-85.4718398
12/17/2020,8158 Sturtevant Ave,Richland,MI,49083,258300,3,2.5,2276,390,2020,1,82,42.3884981,-85.4667183
10/2/2020,5987 N 32nd St,Richland,MI,49083,166000,1,1,1180,174240,1948,73,158,42.3472291,-85.4546347
2/11/2021,10631 Country Club Dr,Richland,MI,49083,375000,5,3.5,3521,13939,2016,5,26,42.3963927,-85.4235119
2/12/2021,8076 Lausen Ln,Richland,MI,49083,250000,3,2,1412,8276,2019,2,25,42.3890897,-85.4741661
3/9/2021,8325 Silverado Ln,Richland,MI,49083,260000,3,2,1692,14636,2001,20,1,42.3744057,-85.4685978
9/28/2020,10964 N Interlaken,Richland,MI,49083,1700000,3,4,2816,74488,1950,71,162,42.4192955,-85.4365298
2/10/2021,9217 Kellie Ln,Richland,MI,49083,379000,6,3.5,3530,17424,2007,14,27,42.3714652,-85.4480741
10/30/2020,9226 Kellie Ln,Richland,MI,49083,372000,6,3.5,3168,17860,2004,17,130,42.3708771,-85.4467848
12/16/2020,9889 E C Ave,Richland,MI,49083,755000,5,4.5,4150,435600,1993,28,83,42.3921657,-85.4385928
11/19/2020,8112 Lausen Ln,Richland,MI,49083,235000,3,2,1735,8543,2020,1,110,42.389,-85.471873
1/29/2021,5520 E C Ave,Richland,MI,49083,58000,3,1,1680,217800,1989,32,39,42.3891002,-85.524006
10/20/2020,8161 W Sturtevant Ave,Richland,MI,49083,220920,2,2,2060,6600,2020,1,140,42.3889854,-85.4720189
11/9/2020,6432 Canterwood Dr,Richland,MI,49083,775000,6,4.5,6192,104544,2006,15,120,42.3516245,-85.4469459
11/10/2020,9039 N 35th St,Richland,MI,49083,147900,2,1,980,43560,1960,61,119,42.3909522,-85.4264946
11/3/2020,9248 Ef Ave E,Richland,MI,49083,415000,3,2,2548,81022,2004,17,126,42.3538946,-85.4500079
10/30/2020,10600 Wildwood Dr,Richland,MI,49083,730000,3,2,1910,4487,1997,24,130,42.4139075,-85.4340312
9/28/2020,6581 Bridle Trl,Richland,MI,49083,457000,4,2.5,3080,217800,1999,22,162,42.3706597,-85.5022478
9/25/2020,7434 N 30th St,Richland,MI,49083,275000,4,2.5,3046,43560,1989,32,165,42.3678874,-85.4740145
11/30/2020,231 S Gull Lake Dr,Richland,MI,49083,484900,3,3,2064,10496,2020,1,99,42.3753735,-85.3939132
9/10/2020,213 S Gull Lake Dr,Richland,MI,49083,505500,3,1.5,1549,5532,1920,101,180,42.3753391,-85.3935554
11/30/2020,5932 Sara Ave,Richland,MI,49083,190000,2,1.5,970,7841,1950,71,99,42.3464551,-85.3966931
2/24/2021,6864 East Ave E,Richland,MI,49083,316332,3,2,1510,30492,2021,0,13,42.361456,-85.496819
11/16/2020,6191 Canterwood Dr,Richland,MI,49083,898000,5,4.5,6232,67082,2013,8,113,42.3500254,-85.451136
9/14/2020,8423 Lausen Ln,Richland,MI,49083,170000,3,2.5,1524,12680,2008,13,176,42.3892828,-85.4665841
9/28/2020,7499 Brandywine Dr,Richland,MI,49083,203900,4,2,2272,23086,1990,31,162,42.3694472,-85.451841
10/23/2020,10046 E C Ave,Richland,MI,49083,366500,3,3.5,3554,54450,2005,16,137,42.3902713,-85.4344342
1/20/2021,10845 M-43 Hwy,Richland,MI,49083,360000,3,2,2340,32322,1960,61,48,42.4177182,-85.43927
9/17/2020,9708 Sterling Rd,Richland,MI,49083,195000,3,2,2164,22521,1977,44,173,42.4139539,-85.4414037
12/18/2020,8359 Lausen Ln,Richland,MI,49083,185000,4,2,2016,5663,2008,13,81,42.3892953,-85.4678729
1/7/2021,9181 Cotters Rdg,Richland,MI,49083,275000,4,2.5,2720,14374,1988,33,61,42.3936385,-85.4334665
9/15/2020,8042 Lausen Ln,Richland,MI,49083,226000,3,2,1735,8623,2020,1,175,42.3889,-85.474263
12/23/2020,9585 Sterling Rd,Richland,MI,49083,375000,4,3,2288,70132,1977,44,76,42.4145706,-85.4435891
11/20/2020,8858 Sturtevant Ave,Richland,MI,49083,2.00E+05,3,2.5,2751,6600,2008,13,109,42.3886242,-85.4663367
11/20/2020,7761 N 30th St,Richland,MI,49083,209900,2,2.5,1740,18150,1957,64,109,42.3720163,-85.4751219
1/8/2021,8380 Engelwood Ave,Richland,MI,49083,285000,3,3.5,2466,14787,2004,17,60,42.3747679,-85.4675708
1/29/2021,8853 Gull Rd,Richland,MI,49083,155000,3,1,1727,9583,1868,153,39,42.3749188,-85.4582866
12/2/2020,8202 Gull Manor Dr,Richland,MI,49083,189000,3,2,1377,14374,1967,54,97,42.3640339,-85.4701685
1/6/2021,8583 Macywood Ln,Richland,MI,49083,354000,3,2,1736,44867,2006,15,62,42.3867477,-85.4635633
11/17/2020,10581 Country Club Dr,Richland,MI,49083,325000,3,3,2205,11761,1988,33,112,42.3957795,-85.4244792
9/10/2020,213 S Gull Lake Dr,Richland,MI,49083,505500,3,1.5,1549,5532,1920,101,180,42.3753391,-85.3935554
9/15/2020,1626 Burlington Dr,Kalamazoo,MI,49060,610000,3,2,2280,3049,1950,71,175,42.3933989,-85.3898845
9/16/2020,2215 Idlewild Dr,Richland,MI,49083,2100000,5,5,4602,156816,1924,97,174,42.389711,-85.415011
10/20/2020,8944 E Gull Lake Dr,Kalamazoo,MI,49012,210000,3,1,2066,28750,1935,86,140,42.3901756,-85.3850443
1/22/2021,1309 W Gull Lake Dr,Richland,MI,49083,625000,3,1,1290,39204,1940,81,46,42.3790535,-85.4038763
1/11/2021,1600 Burlington Dr,Kalamazoo,MI,49060,585000,2,2.5,1430,8712,1934,87,57,42.3933793,-85.3892867
2/26/2021,307 S Gull Lake Dr,Richland,MI,49083,6.00E+05,3,2,2140,13000,1949,72,11,42.3763432,-85.3929497
12/10/2020,12065 E D Ave,Richland,MI,49083,210000,3,3,1964,31363,1969,52,89,42.3753869,-85.3947473
11/30/2020,231 S Gull Lake Dr,Richland,MI,49083,484900,3,3,2064,10496,2020,1,99,42.3753735,-85.3939132
1/19/2021,530 E Gull Lake Dr,Kalamazoo,MI,49012,801500,2,1,1226,26572,1949,72,49,42.3779594,-85.3893661
12/23/2020,279 S Gull Lake Dr,Richland,MI,49083,877000,4,3,2830,8712,1962,59,76,42.3756517,-85.3934906
12/16/2020,1485 Shoal Ave,Richland,MI,49083,675000,3,3,3758,69696,1993,28,83,42.3823367,-85.4051887
